Deck,Count,Share,Score,Win_Percentage,Deck_links
Sylveon ex Greninja,1740,15.28%,4972 - 4403 - 165,52.12%,/decks/sylveon-ex-a3b-greninja-a1?game=POCKET&format=standard&set=A3b
Giratina ex Darkrai ex,964,8.46%,2726 - 2330 - 109,52.78%,/decks/giratina-ex-a2b-darkrai-ex-a2?game=POCKET&format=standard&set=A3b
Charizard ex Sylveon ex,909,7.98%,2511 - 2276 - 87,51.52%,/decks/charizard-ex-a2b-sylveon-ex-a3b?game=POCKET&format=standard&set=A3b
Silvally Oricorio,635,5.57%,1823 - 1591 - 73,52.28%,/decks/silvally-a3a-oricorio-a3?game=POCKET&format=standard&set=A3b
Flareon ex Leafeon ex,542,4.76%,1564 - 1389 - 46,52.15%,/decks/flareon-ex-a3b-leafeon-ex-a2a?game=POCKET&format=standard&set=A3b
Buzzwole ex Pheromosa,462,4.06%,1392 - 1161 - 49,53.50%,/decks/buzzwole-ex-pheromosa-a3a?game=POCKET&format=standard&set=A3b
Solgaleo ex Shiinotic,385,3.38%,854 - 958 - 23,46.54%,/decks/solgaleo-ex-a3-shiinotic-a3a?game=POCKET&format=standard&set=A3b
Guzzlord ex Nihilego,377,3.31%,947 - 894 - 50,50.08%,/decks/guzzlord-ex-nihilego-a3a?game=POCKET&format=standard&set=A3b
Silvally Rampardos,318,2.79%,795 - 795 - 34,48.95%,/decks/silvally-a3a-rampardos-a2?game=POCKET&format=standard&set=A3b
Buzzwole ex Celesteela,277,2.43%,747 - 707 - 39,50.03%,/decks/buzzwole-ex-celesteela-a3a?game=POCKET&format=standard&set=A3b
Garchomp ex Sylveon ex,227,1.99%,586 - 549 - 20,50.74%,/decks/garchomp-ex-a2a-sylveon-ex-a3b?game=POCKET&format=standard&set=A3b
Greninja Oricorio,227,1.99%,534 - 562 - 43,46.88%,/decks/greninja-a1-oricorio-a3?game=POCKET&format=standard&set=A3b
Sylveon ex Solgaleo ex,226,1.98%,512 - 564 - 14,46.97%,/decks/sylveon-ex-a3b-solgaleo-ex-a3?game=POCKET&format=standard&set=A3b
Tapu Koko ex Arceus ex,164,1.44%,462 - 408 - 14,52.26%,/decks/tapu-koko-ex-a3a-arceus-ex-a2a?game=POCKET&format=standard&set=A3b
Sylveon ex Magnezone,160,1.40%,421 - 388 - 15,51.09%,/decks/sylveon-ex-a3b-magnezone-a2?game=POCKET&format=standard&set=A3b
Arceus ex Tapu Koko ex,154,1.35%,447 - 395 - 16,52.10%,/decks/arceus-ex-a2a-tapu-koko-ex-a3a?game=POCKET&format=standard&set=A3b
Silvally Zeraora,146,1.28%,407 - 362 - 15,51.91%,/decks/silvally-zeraora-a3a?game=POCKET&format=standard&set=A3b
Incineroar ex,133,1.17%,281 - 323 - 4,46.22%,/decks/incineroar-ex-a3?game=POCKET&format=standard&set=A3b
Slurpuff Alcremie,130,1.14%,232 - 308 - 10,42.18%,/decks/slurpuff-alcremie-a3b?game=POCKET&format=standard&set=A3b
Sylveon ex Eevee ex,114,1.00%,186 - 263 - 5,40.97%,/decks/sylveon-ex-eevee-ex-a3b?game=POCKET&format=standard&set=A3b
Charizard ex Silvally,92,0.81%,212 - 250 - 1,45.79%,/decks/charizard-ex-a2b-silvally-a3a?game=POCKET&format=standard&set=A3b
Magnezone Shiinotic,90,0.79%,265 - 217 - 13,53.54%,/decks/magnezone-a2-shiinotic-a3a?game=POCKET&format=standard&set=A3b
Flareon ex Turtonator,84,0.74%,202 - 200 - 5,49.63%,/decks/flareon-ex-a3b-turtonator-a3?game=POCKET&format=standard&set=A3b
Guzzlord ex Naganadel,81,0.71%,224 - 221 - 9,49.34%,/decks/guzzlord-ex-naganadel-a3a?game=POCKET&format=standard&set=A3b
Luxray Oricorio,75,0.66%,225 - 197 - 6,52.57%,/decks/luxray-a2-oricorio-a3?game=POCKET&format=standard&set=A3b
Mewtwo ex Gardevoir,58,0.51%,92 - 146 - 2,38.33%,/decks/mewtwo-ex-gardevoir-a1?game=POCKET&format=standard&set=A3b
Garchomp ex Rampardos,51,0.45%,140 - 129 - 3,51.47%,/decks/garchomp-ex-a2a-rampardos-a2?game=POCKET&format=standard&set=A3b
Sylveon ex Giratina ex,46,0.40%,106 - 113 - 4,47.53%,/decks/sylveon-ex-a3b-giratina-ex-a2b?game=POCKET&format=standard&set=A3b
Primarina ex Primarina,46,0.40%,82 - 113 - 2,41.62%,/decks/primarina-ex-a3b-primarina-a3?game=POCKET&format=standard&set=A3b
Lucario Rampardos,42,0.37%,122 - 116 - 4,50.41%,/decks/lucario-rampardos-a2?game=POCKET&format=standard&set=A3b
Incineroar ex Turtonator,40,0.35%,112 - 100 - 2,52.34%,/decks/incineroar-ex-turtonator-a3?game=POCKET&format=standard&set=A3b
Sylveon ex Togekiss,40,0.35%,75 - 105 - 0,41.67%,/decks/sylveon-ex-a3b-togekiss-a2?game=POCKET&format=standard&set=A3b
Sylveon ex Jolteon,38,0.33%,88 - 100 - 5,45.60%,/decks/sylveon-ex-jolteon-a3b?game=POCKET&format=standard&set=A3b
Gallade ex Stoutland,37,0.32%,90 - 92 - 5,48.13%,/decks/gallade-ex-a2-stoutland-a3a?game=POCKET&format=standard&set=A3b
Incineroar ex Flareon,35,0.31%,60 - 93 - 0,39.22%,/decks/incineroar-ex-a3-flareon-a3b?game=POCKET&format=standard&set=A3b
Flareon ex Eevee ex,31,0.27%,69 - 81 - 3,45.10%,/decks/flareon-ex-eevee-ex-a3b?game=POCKET&format=standard&set=A3b
Tapu Koko ex Oricorio,29,0.25%,83 - 77 - 2,51.23%,/decks/tapu-koko-ex-a3a-oricorio-a3?game=POCKET&format=standard&set=A3b
Decidueye ex Decidueye,29,0.25%,49 - 68 - 0,41.88%,/decks/decidueye-ex-a3-decidueye-a3a?game=POCKET&format=standard&set=A3b
Guzzlord ex Darkrai ex,28,0.25%,76 - 65 - 0,53.90%,/decks/guzzlord-ex-a3a-darkrai-ex-a2?game=POCKET&format=standard&set=A3b
Sylveon ex Stoutland,28,0.25%,69 - 68 - 0,50.36%,/decks/sylveon-ex-a3b-stoutland-a3a?game=POCKET&format=standard&set=A3b
Leafeon ex Eevee ex,28,0.25%,59 - 74 - 3,43.38%,/decks/leafeon-ex-a2a-eevee-ex-a3b?game=POCKET&format=standard&set=A3b
Dragonite ex Dragonite,28,0.25%,32 - 71 - 2,30.48%,/decks/dragonite-ex-a3b-dragonite-a1?game=POCKET&format=standard&set=A3b
Solgaleo ex Sylveon ex,27,0.24%,71 - 72 - 1,49.31%,/decks/solgaleo-ex-a3-sylveon-ex-a3b?game=POCKET&format=standard&set=A3b
Incineroar ex Sylveon ex,27,0.24%,58 - 73 - 2,43.61%,/decks/incineroar-ex-a3-sylveon-ex-a3b?game=POCKET&format=standard&set=A3b
Primarina ex Pyukumuku,27,0.24%,44 - 69 - 1,38.60%,/decks/primarina-ex-a3b-pyukumuku-a3?game=POCKET&format=standard&set=A3b
Leafeon ex Sylveon ex,26,0.23%,53 - 65 - 3,43.80%,/decks/leafeon-ex-a2a-sylveon-ex-a3b?game=POCKET&format=standard&set=A3b
Sylveon ex Arceus ex,25,0.22%,54 - 59 - 1,47.37%,/decks/sylveon-ex-a3b-arceus-ex-a2a?game=POCKET&format=standard&set=A3b
Eevee ex Sylveon ex,25,0.22%,48 - 57 - 3,44.44%,/decks/eevee-ex-sylveon-ex-a3b?game=POCKET&format=standard&set=A3b
Sylveon ex Incineroar ex,24,0.21%,55 - 59 - 1,47.83%,/decks/sylveon-ex-a3b-incineroar-ex-a3?game=POCKET&format=standard&set=A3b
Arceus ex Crobat,24,0.21%,52 - 60 - 0,46.43%,/decks/arceus-ex-crobat-a2a?game=POCKET&format=standard&set=A3b
Primarina ex Greninja,22,0.19%,49 - 56 - 5,44.55%,/decks/primarina-ex-a3b-greninja-a1?game=POCKET&format=standard&set=A3b
Meowscarada Decidueye ex,22,0.19%,40 - 50 - 1,43.96%,/decks/meowscarada-a2b-decidueye-ex-a3?game=POCKET&format=standard&set=A3b
Arceus ex Sylveon ex,21,0.18%,56 - 53 - 0,51.38%,/decks/arceus-ex-a2a-sylveon-ex-a3b?game=POCKET&format=standard&set=A3b
Charizard ex Incineroar ex,21,0.18%,38 - 46 - 0,45.24%,/decks/charizard-ex-a2b-incineroar-ex-a3?game=POCKET&format=standard&set=A3b
Magnezone Oricorio,21,0.18%,30 - 57 - 0,34.48%,/decks/magnezone-a2-oricorio-a3?game=POCKET&format=standard&set=A3b
Naganadel Darkrai ex,20,0.18%,51 - 50 - 2,49.51%,/decks/naganadel-a3a-darkrai-ex-a2?game=POCKET&format=standard&set=A3b
Solgaleo ex Skarmory,20,0.18%,38 - 51 - 0,42.70%,/decks/solgaleo-ex-a3-skarmory-a2?game=POCKET&format=standard&set=A3b
Decidueye ex Pheromosa,19,0.17%,61 - 53 - 1,53.04%,/decks/decidueye-ex-a3-pheromosa-a3a?game=POCKET&format=standard&set=A3b
Sylveon ex Primarina ex,19,0.17%,39 - 53 - 0,42.39%,/decks/sylveon-ex-primarina-ex-a3b?game=POCKET&format=standard&set=A3b
Flareon ex Silvally,19,0.17%,32 - 45 - 1,41.03%,/decks/flareon-ex-a3b-silvally-a3a?game=POCKET&format=standard&set=A3b
Dragonite ex Zeraora,19,0.17%,33 - 51 - 1,38.82%,/decks/dragonite-ex-a3b-zeraora-a3a?game=POCKET&format=standard&set=A3b
Sylveon ex Espeon,18,0.16%,28 - 29 - 1,48.28%,/decks/sylveon-ex-espeon-a3b?game=POCKET&format=standard&set=A3b
Gengar ex Shiinotic,17,0.15%,29 - 45 - 1,38.67%,/decks/gengar-ex-a1-shiinotic-a3a?game=POCKET&format=standard&set=A3b
Silvally Giratina ex,16,0.14%,41 - 39 - 1,50.62%,/decks/silvally-a3a-giratina-ex-a2b?game=POCKET&format=standard&set=A3b
Sylveon ex Gardevoir,16,0.14%,34 - 42 - 0,44.74%,/decks/sylveon-ex-a3b-gardevoir-a1?game=POCKET&format=standard&set=A3b
Incineroar ex Charizard ex,16,0.14%,34 - 47 - 0,41.98%,/decks/incineroar-ex-a3-charizard-ex-a2b?game=POCKET&format=standard&set=A3b
Sylveon ex Silvally,16,0.14%,29 - 45 - 0,39.19%,/decks/sylveon-ex-a3b-silvally-a3a?game=POCKET&format=standard&set=A3b
Dragonite ex Oricorio,16,0.14%,21 - 34 - 1,37.50%,/decks/dragonite-ex-a3b-oricorio-a3?game=POCKET&format=standard&set=A3b
Gengar ex Sylveon ex,16,0.14%,18 - 36 - 0,33.33%,/decks/gengar-ex-a1-sylveon-ex-a3b?game=POCKET&format=standard&set=A3b
Primarina ex Sylveon ex,15,0.13%,29 - 46 - 1,38.16%,/decks/primarina-ex-sylveon-ex-a3b?game=POCKET&format=standard&set=A3b
Sylveon ex Mewtwo ex,15,0.13%,14 - 34 - 1,28.57%,/decks/sylveon-ex-a3b-mewtwo-ex-a1?game=POCKET&format=standard&set=A3b
Naganadel Guzzlord ex,14,0.12%,35 - 37 - 1,47.95%,/decks/naganadel-guzzlord-ex-a3a?game=POCKET&format=standard&set=A3b
Crabominable ex Palkia ex,14,0.12%,40 - 44 - 1,47.06%,/decks/crabominable-ex-a3-palkia-ex-a2?game=POCKET&format=standard&set=A3b
Infernape ex Flareon ex,14,0.12%,14 - 32 - 0,30.43%,/decks/infernape-ex-a2-flareon-ex-a3b?game=POCKET&format=standard&set=A3b
Decidueye Meowscarada,13,0.11%,47 - 37 - 1,55.29%,/decks/decidueye-a3a-meowscarada-a2b?game=POCKET&format=standard&set=A3b
Magnezone Sylveon ex,13,0.11%,31 - 31 - 1,49.21%,/decks/magnezone-a2-sylveon-ex-a3b?game=POCKET&format=standard&set=A3b
Giratina ex Sylveon ex,13,0.11%,34 - 34 - 2,48.57%,/decks/giratina-ex-a2b-sylveon-ex-a3b?game=POCKET&format=standard&set=A3b
Snorlax ex Greninja,13,0.11%,26 - 33 - 0,44.07%,/decks/snorlax-ex-a3b-greninja-a1?game=POCKET&format=standard&set=A3b
Tapu Koko ex Pikachu ex,13,0.11%,25 - 32 - 0,43.86%,/decks/tapu-koko-ex-a3a-pikachu-ex-a2b?game=POCKET&format=standard&set=A3b
Primarina ex Silvally,13,0.11%,20 - 32 - 0,38.46%,/decks/primarina-ex-a3b-silvally-a3a?game=POCKET&format=standard&set=A3b
Charizard ex Moltres ex,13,0.11%,21 - 36 - 0,36.84%,/decks/charizard-ex-moltres-ex-a1?game=POCKET&format=standard&set=A3b
Primarina ex,12,0.11%,21 - 29 - 0,42.00%,/decks/primarina-ex-a3b?game=POCKET&format=standard&set=A3b
Gyarados ex Manaphy,12,0.11%,15 - 21 - 0,41.67%,/decks/gyarados-ex-a1a-manaphy-a2?game=POCKET&format=standard&set=A3b
Celebi ex Serperior,12,0.11%,12 - 30 - 0,28.57%,/decks/celebi-ex-serperior-a1a?game=POCKET&format=standard&set=A3b
Darkrai ex Umbreon,11,0.10%,20 - 28 - 0,41.67%,/decks/darkrai-ex-a2-umbreon-a3b?game=POCKET&format=standard&set=A3b
Incineroar ex Incineroar,11,0.10%,12 - 22 - 1,34.29%,/decks/incineroar-ex-a3-incineroar-a3b?game=POCKET&format=standard&set=A3b
Incineroar ex Flareon ex,11,0.10%,15 - 31 - 0,32.61%,/decks/incineroar-ex-a3-flareon-ex-a3b?game=POCKET&format=standard&set=A3b
Sylveon ex Gengar ex,11,0.10%,14 - 33 - 1,29.17%,/decks/sylveon-ex-a3b-gengar-ex-a1?game=POCKET&format=standard&set=A3b
Darkrai ex Naganadel,10,0.09%,22 - 22 - 3,46.81%,/decks/darkrai-ex-a2-naganadel-a3a?game=POCKET&format=standard&set=A3b
Charizard ex Flareon ex,10,0.09%,15 - 25 - 0,37.50%,/decks/charizard-ex-a2b-flareon-ex-a3b?game=POCKET&format=standard&set=A3b
Flareon ex Sylveon ex,10,0.09%,7 - 23 - 0,23.33%,/decks/flareon-ex-sylveon-ex-a3b?game=POCKET&format=standard&set=A3b
Sylveon ex Luxray,9,0.08%,29 - 25 - 1,52.73%,/decks/sylveon-ex-a3b-luxray-a2?game=POCKET&format=standard&set=A3b
Snorlax ex Arceus ex,9,0.08%,14 - 18 - 0,43.75%,/decks/snorlax-ex-a3b-arceus-ex-a2a?game=POCKET&format=standard&set=A3b
Sylveon ex Banette,9,0.08%,22 - 29 - 0,43.14%,/decks/sylveon-ex-a3b-banette-a3?game=POCKET&format=standard&set=A3b
Charizard ex Sylveon ex,9,0.08%,10 - 21 - 0,32.26%,/decks/charizard-ex-a1-sylveon-ex-a3b?game=POCKET&format=standard&set=A3b
Tapu Koko ex Galvantula,9,0.08%,10 - 22 - 0,31.25%,/decks/tapu-koko-ex-a3a-galvantula-a3b?game=POCKET&format=standard&set=A3b
Dialga ex Arceus ex,9,0.08%,8 - 20 - 0,28.57%,/decks/dialga-ex-a2-arceus-ex-a2a?game=POCKET&format=standard&set=A3b
Gallade ex Sylveon ex,8,0.07%,23 - 21 - 0,52.27%,/decks/gallade-ex-a2-sylveon-ex-a3b?game=POCKET&format=standard&set=A3b
Incineroar ex Heatmor,8,0.07%,26 - 25 - 0,50.98%,/decks/incineroar-ex-a3-heatmor-a1?game=POCKET&format=standard&set=A3b
Dragonite ex Snorlax ex,8,0.07%,15 - 15 - 0,50.00%,/decks/dragonite-ex-snorlax-ex-a3b?game=POCKET&format=standard&set=A3b
Dragonite ex Sylveon ex,8,0.07%,14 - 16 - 0,46.67%,/decks/dragonite-ex-sylveon-ex-a3b?game=POCKET&format=standard&set=A3b
Weavile ex Darkrai ex,8,0.07%,16 - 19 - 1,44.44%,/decks/weavile-ex-darkrai-ex-a2?game=POCKET&format=standard&set=A3b
Incineroar ex Silvally,8,0.07%,17 - 22 - 0,43.59%,/decks/incineroar-ex-a3-silvally-a3a?game=POCKET&format=standard&set=A3b
Charizard ex Stoutland,8,0.07%,15 - 20 - 0,42.86%,/decks/charizard-ex-a2b-stoutland-a3a?game=POCKET&format=standard&set=A3b
Beedrill ex Sylveon ex,8,0.07%,13 - 18 - 1,40.63%,/decks/beedrill-ex-a2b-sylveon-ex-a3b?game=POCKET&format=standard&set=A3b
Giratina ex Greninja,8,0.07%,9 - 16 - 1,34.62%,/decks/giratina-ex-a2b-greninja-a1?game=POCKET&format=standard&set=A3b
Snorlax ex Giratina ex,8,0.07%,11 - 23 - 0,32.35%,/decks/snorlax-ex-a3b-giratina-ex-a2b?game=POCKET&format=standard&set=A3b
Sylveon ex Rampardos,7,0.06%,21 - 20 - 0,51.22%,/decks/sylveon-ex-a3b-rampardos-a2?game=POCKET&format=standard&set=A3b
Primarina ex Crabominable ex,7,0.06%,14 - 16 - 0,46.67%,/decks/primarina-ex-a3b-crabominable-ex-a3?game=POCKET&format=standard&set=A3b
Leafeon ex Serperior,7,0.06%,21 - 25 - 0,45.65%,/decks/leafeon-ex-a2a-serperior-a1a?game=POCKET&format=standard&set=A3b
Flareon ex Flareon,7,0.06%,12 - 16 - 0,42.86%,/decks/flareon-ex-flareon-a3b?game=POCKET&format=standard&set=A3b
Darkrai ex Giratina ex,7,0.06%,17 - 21 - 2,42.50%,/decks/darkrai-ex-a2-giratina-ex-a2b?game=POCKET&format=standard&set=A3b
Beedrill ex Beedrill,7,0.06%,6 - 9 - 0,40.00%,/decks/beedrill-ex-a2b-beedrill-a1?game=POCKET&format=standard&set=A3b
Charizard ex Moltres ex,7,0.06%,17 - 26 - 0,39.53%,/decks/charizard-ex-a2b-moltres-ex-a1?game=POCKET&format=standard&set=A3b
Beedrill ex Meowscarada,7,0.06%,10 - 17 - 0,37.04%,/decks/beedrill-ex-meowscarada-a2b?game=POCKET&format=standard&set=A3b
Lunala ex Snorlax ex,7,0.06%,12 - 21 - 0,36.36%,/decks/lunala-ex-a3-snorlax-ex-a3b?game=POCKET&format=standard&set=A3b
Giratina ex Arceus ex,7,0.06%,11 - 19 - 1,35.48%,/decks/giratina-ex-a2b-arceus-ex-a2a?game=POCKET&format=standard&set=A3b
Vanillish Slurpuff,7,0.06%,8 - 18 - 0,30.77%,/decks/vanillish-slurpuff-a3b?game=POCKET&format=standard&set=A3b
Eevee ex Flareon ex,7,0.06%,4 - 14 - 0,22.22%,/decks/eevee-ex-flareon-ex-a3b?game=POCKET&format=standard&set=A3b
Garchomp Pyukumuku,6,0.05%,24 - 17 - 1,57.14%,/decks/garchomp-a2-pyukumuku-a3?game=POCKET&format=standard&set=A3b
Jolteon Silvally,6,0.05%,12 - 13 - 0,48.00%,/decks/jolteon-a3b-silvally-a3a?game=POCKET&format=standard&set=A3b
Incineroar ex Shiinotic,6,0.05%,17 - 18 - 1,47.22%,/decks/incineroar-ex-a3-shiinotic-a3a?game=POCKET&format=standard&set=A3b
Paldean Clodsire ex Naganadel,6,0.05%,12 - 14 - 0,46.15%,/decks/paldean-clodsire-ex-a2b-naganadel-a3a?game=POCKET&format=standard&set=A3b
Charizard ex Turtonator,6,0.05%,13 - 18 - 0,41.94%,/decks/charizard-ex-a2b-turtonator-a3?game=POCKET&format=standard&set=A3b
Lunala ex Giratina ex,6,0.05%,11 - 16 - 0,40.74%,/decks/lunala-ex-a3-giratina-ex-a2b?game=POCKET&format=standard&set=A3b
Sylveon ex Gengar,6,0.05%,8 - 13 - 0,38.10%,/decks/sylveon-ex-a3b-gengar-a1?game=POCKET&format=standard&set=A3b
Vanillish Alcremie,6,0.05%,5 - 12 - 1,27.78%,/decks/vanillish-alcremie-a3b?game=POCKET&format=standard&set=A3b
Incineroar ex Salazzle,6,0.05%,6 - 16 - 0,27.27%,/decks/incineroar-ex-salazzle-a3?game=POCKET&format=standard&set=A3b
Tsareena Celebi ex,6,0.05%,5 - 15 - 1,23.81%,/decks/tsareena-a3-celebi-ex-a1a?game=POCKET&format=standard&set=A3b
Articuno ex,6,0.05%,3 - 16 - 0,15.79%,/decks/articuno-ex-a1?game=POCKET&format=standard&set=A3b
Pikachu ex Oricorio,5,0.04%,19 - 12 - 2,57.58%,/decks/pikachu-ex-a2b-oricorio-a3?game=POCKET&format=standard&set=A3b
Stoutland Rampardos,5,0.04%,19 - 14 - 1,55.88%,/decks/stoutland-a3a-rampardos-a2?game=POCKET&format=standard&set=A3b
Charizard ex Torkoal,5,0.04%,16 - 13 - 0,55.17%,/decks/charizard-ex-a2b-torkoal-a3b?game=POCKET&format=standard&set=A3b
Aerodactyl ex Rampardos,5,0.04%,10 - 9 - 0,52.63%,/decks/aerodactyl-ex-a1a-rampardos-a2?game=POCKET&format=standard&set=A3b
Charizard ex,5,0.04%,20 - 18 - 0,52.63%,/decks/charizard-ex-a2b?game=POCKET&format=standard&set=A3b
Magnezone Tapu Koko ex,5,0.04%,14 - 14 - 0,50.00%,/decks/magnezone-a2-tapu-koko-ex-a3a?game=POCKET&format=standard&set=A3b
Glaceon ex Sylveon ex,5,0.04%,13 - 13 - 0,50.00%,/decks/glaceon-ex-a2a-sylveon-ex-a3b?game=POCKET&format=standard&set=A3b
Flareon ex Torkoal,5,0.04%,14 - 14 - 0,50.00%,/decks/flareon-ex-torkoal-a3b?game=POCKET&format=standard&set=A3b
Tapu Koko ex Zeraora,5,0.04%,11 - 12 - 0,47.83%,/decks/tapu-koko-ex-zeraora-a3a?game=POCKET&format=standard&set=A3b
Magnezone Pikachu ex,5,0.04%,9 - 11 - 0,45.00%,/decks/magnezone-a2-pikachu-ex-a2b?game=POCKET&format=standard&set=A3b
Sylveon ex Leafeon ex,5,0.04%,10 - 13 - 1,41.67%,/decks/sylveon-ex-a3b-leafeon-ex-a2a?game=POCKET&format=standard&set=A3b
Greninja Sylveon ex,5,0.04%,10 - 14 - 1,40.00%,/decks/greninja-a1-sylveon-ex-a3b?game=POCKET&format=standard&set=A3b
Charizard ex Infernape ex,5,0.04%,10 - 14 - 1,40.00%,/decks/charizard-ex-a2b-infernape-ex-a2?game=POCKET&format=standard&set=A3b
Alolan Raichu ex Tapu Koko ex,5,0.04%,9 - 14 - 0,39.13%,/decks/alolan-raichu-ex-a3-tapu-koko-ex-a3a?game=POCKET&format=standard&set=A3b
Dialga ex Rayquaza ex,5,0.04%,7 - 11 - 0,38.89%,/decks/dialga-ex-a2-rayquaza-ex-p-a?game=POCKET&format=standard&set=A3b
Darkrai ex Weezing,5,0.04%,10 - 17 - 0,37.04%,/decks/darkrai-ex-a2-weezing-a1?game=POCKET&format=standard&set=A3b
Galvantula Oricorio,5,0.04%,9 - 16 - 0,36.00%,/decks/galvantula-a3b-oricorio-a3?game=POCKET&format=standard&set=A3b
Leafeon ex Celebi ex,5,0.04%,8 - 16 - 0,33.33%,/decks/leafeon-ex-a2a-celebi-ex-a1a?game=POCKET&format=standard&set=A3b
Pikachu ex Tapu Koko ex,5,0.04%,7 - 15 - 0,31.82%,/decks/pikachu-ex-a2b-tapu-koko-ex-a3a?game=POCKET&format=standard&set=A3b
Dragonite ex Giratina ex,5,0.04%,5 - 11 - 0,31.25%,/decks/dragonite-ex-a3b-giratina-ex-a2b?game=POCKET&format=standard&set=A3b
Gallade ex Lucario,5,0.04%,5 - 11 - 0,31.25%,/decks/gallade-ex-lucario-a2?game=POCKET&format=standard&set=A3b
Greninja Giratina ex,5,0.04%,6 - 14 - 0,30.00%,/decks/greninja-a1-giratina-ex-a2b?game=POCKET&format=standard&set=A3b
Dragonite ex Magnezone,5,0.04%,4 - 10 - 0,28.57%,/decks/dragonite-ex-a3b-magnezone-a2?game=POCKET&format=standard&set=A3b
Tsareena Meowscarada,5,0.04%,4 - 11 - 0,26.67%,/decks/tsareena-a3b-meowscarada-a2b?game=POCKET&format=standard&set=A3b
Sylveon ex Gallade ex,5,0.04%,4 - 11 - 1,25.00%,/decks/sylveon-ex-a3b-gallade-ex-a2?game=POCKET&format=standard&set=A3b
Luxray Galvantula,5,0.04%,4 - 10 - 2,25.00%,/decks/luxray-a2-galvantula-a3b?game=POCKET&format=standard&set=A3b
Incineroar ex Solgaleo ex,5,0.04%,3 - 14 - 0,17.65%,/decks/incineroar-ex-solgaleo-ex-a3?game=POCKET&format=standard&set=A3b
Solgaleo ex Dialga ex,5,0.04%,2 - 18 - 1,9.52%,/decks/solgaleo-ex-a3-dialga-ex-a2?game=POCKET&format=standard&set=A3b
Dragonite ex Shiinotic,5,0.04%,1 - 13 - 1,6.67%,/decks/dragonite-ex-a3b-shiinotic-a3a?game=POCKET&format=standard&set=A3b
Slurpuff Appletun,5,0.04%,0 - 8 - 0,0.00%,/decks/slurpuff-appletun-a3b?game=POCKET&format=standard&set=A3b
Tapu Koko ex Magnezone,4,0.04%,17 - 9 - 0,65.38%,/decks/tapu-koko-ex-a3a-magnezone-a2?game=POCKET&format=standard&set=A3b
Starmie ex Palkia ex,4,0.04%,13 - 9 - 0,59.09%,/decks/starmie-ex-a1-palkia-ex-a2?game=POCKET&format=standard&set=A3b
Greninja Rampardos,4,0.04%,18 - 12 - 1,58.06%,/decks/greninja-a1-rampardos-a2?game=POCKET&format=standard&set=A3b
Glaceon ex Crabominable ex,4,0.04%,8 - 6 - 0,57.14%,/decks/glaceon-ex-a2a-crabominable-ex-a3?game=POCKET&format=standard&set=A3b
Jolteon Luxray,4,0.04%,14 - 11 - 0,56.00%,/decks/jolteon-a3b-luxray-a2?game=POCKET&format=standard&set=A3b
Snorlax ex Magnezone,4,0.04%,9 - 9 - 0,50.00%,/decks/snorlax-ex-a3b-magnezone-a2?game=POCKET&format=standard&set=A3b
Sylveon ex Sylveon,4,0.04%,9 - 10 - 0,47.37%,/decks/sylveon-ex-sylveon-a3b?game=POCKET&format=standard&set=A3b
Silvally Skarmory,4,0.04%,7 - 8 - 0,46.67%,/decks/silvally-a3a-skarmory-a2?game=POCKET&format=standard&set=A3b
Dragonite ex,4,0.04%,8 - 11 - 0,42.11%,/decks/dragonite-ex-a3b?game=POCKET&format=standard&set=A3b
Glaceon ex Eevee ex,4,0.04%,5 - 8 - 0,38.46%,/decks/glaceon-ex-a2a-eevee-ex-a3b?game=POCKET&format=standard&set=A3b
Darkrai ex Greninja,4,0.04%,5 - 8 - 0,38.46%,/decks/darkrai-ex-a2-greninja-a1?game=POCKET&format=standard&set=A3b
Naganadel Eevee ex,4,0.04%,7 - 12 - 0,36.84%,/decks/naganadel-a3a-eevee-ex-a3b?game=POCKET&format=standard&set=A3b
Magnezone Galvantula,4,0.04%,5 - 9 - 0,35.71%,/decks/magnezone-a2-galvantula-a3b?game=POCKET&format=standard&set=A3b
Galvantula Zeraora,4,0.04%,6 - 11 - 0,35.29%,/decks/galvantula-a3b-zeraora-a3a?game=POCKET&format=standard&set=A3b
Sylveon ex Staraptor,4,0.04%,5 - 10 - 0,33.33%,/decks/sylveon-ex-a3b-staraptor-a2a?game=POCKET&format=standard&set=A3b
Pikachu ex Tapu Koko ex,4,0.04%,6 - 12 - 0,33.33%,/decks/pikachu-ex-a1-tapu-koko-ex-a3a?game=POCKET&format=standard&set=A3b
Tsareena,4,0.04%,3 - 9 - 0,25.00%,/decks/tsareena-a3?game=POCKET&format=standard&set=A3b
Decidueye ex Lurantis,4,0.04%,3 - 12 - 0,20.00%,/decks/decidueye-ex-lurantis-a3?game=POCKET&format=standard&set=A3b
Togekiss,4,0.04%,2 - 9 - 0,18.18%,/decks/togekiss-a2?game=POCKET&format=standard&set=A3b
Slurpuff Rampardos,4,0.04%,2 - 12 - 0,14.29%,/decks/slurpuff-a3b-rampardos-a2?game=POCKET&format=standard&set=A3b
Glaceon ex Pyukumuku,4,0.04%,2 - 12 - 0,14.29%,/decks/glaceon-ex-a2a-pyukumuku-a3?game=POCKET&format=standard&set=A3b
Eevee ex Arceus ex,3,0.03%,12 - 5 - 0,70.59%,/decks/eevee-ex-a3b-arceus-ex-a2a?game=POCKET&format=standard&set=A3b
Wishiwashi ex Wishiwashi,3,0.03%,12 - 8 - 0,60.00%,/decks/wishiwashi-ex-wishiwashi-a3?game=POCKET&format=standard&set=A3b
Leafeon ex Decidueye ex,3,0.03%,8 - 5 - 1,57.14%,/decks/leafeon-ex-a2a-decidueye-ex-a3?game=POCKET&format=standard&set=A3b
Silvally Snorlax ex,3,0.03%,9 - 6 - 1,56.25%,/decks/silvally-a3a-snorlax-ex-a3b?game=POCKET&format=standard&set=A3b
Raichu Arceus ex,3,0.03%,9 - 7 - 0,56.25%,/decks/raichu-arceus-ex-a2a?game=POCKET&format=standard&set=A3b
Gallade ex Hitmonlee,3,0.03%,10 - 8 - 0,55.56%,/decks/gallade-ex-a2-hitmonlee-a1?game=POCKET&format=standard&set=A3b
Crabominable ex Greninja,3,0.03%,10 - 8 - 0,55.56%,/decks/crabominable-ex-a3-greninja-a1?game=POCKET&format=standard&set=A3b
Eevee ex Leafeon ex,3,0.03%,7 - 6 - 0,53.85%,/decks/eevee-ex-a3b-leafeon-ex-a2a?game=POCKET&format=standard&set=A3b
Charizard ex Wigglytuff,3,0.03%,9 - 7 - 1,52.94%,/decks/charizard-ex-wigglytuff-a2b?game=POCKET&format=standard&set=A3b
Luxray Tapu Koko ex,3,0.03%,8 - 7 - 1,50.00%,/decks/luxray-a2-tapu-koko-ex-a3a?game=POCKET&format=standard&set=A3b
Magnezone Arceus ex,3,0.03%,10 - 10 - 0,50.00%,/decks/magnezone-a2-arceus-ex-a2a?game=POCKET&format=standard&set=A3b
Buzzwole ex Tsareena,3,0.03%,9 - 9 - 0,50.00%,/decks/buzzwole-ex-a3a-tsareena-a3b?game=POCKET&format=standard&set=A3b
Sylveon ex Hitmonchan,3,0.03%,7 - 7 - 0,50.00%,/decks/sylveon-ex-a3b-hitmonchan-a1?game=POCKET&format=standard&set=A3b
Darkrai ex Sylveon ex,3,0.03%,4 - 4 - 0,50.00%,/decks/darkrai-ex-a2-sylveon-ex-a3b?game=POCKET&format=standard&set=A3b
Magnezone Giratina ex,3,0.03%,8 - 8 - 0,50.00%,/decks/magnezone-a2-giratina-ex-a2b?game=POCKET&format=standard&set=A3b
Flareon ex Salazzle,3,0.03%,9 - 8 - 1,50.00%,/decks/flareon-ex-a3b-salazzle-a1a?game=POCKET&format=standard&set=A3b
Incineroar ex Torkoal,3,0.03%,8 - 9 - 0,47.06%,/decks/incineroar-ex-a3-torkoal-a3b?game=POCKET&format=standard&set=A3b
Tapu Koko ex Jolteon,3,0.03%,8 - 9 - 0,47.06%,/decks/tapu-koko-ex-a3a-jolteon-a3b?game=POCKET&format=standard&set=A3b
Tsareena Celebi ex,3,0.03%,8 - 9 - 0,47.06%,/decks/tsareena-a3b-celebi-ex-a1a?game=POCKET&format=standard&set=A3b
Sylveon ex Snorlax ex,3,0.03%,5 - 6 - 0,45.45%,/decks/sylveon-ex-snorlax-ex-a3b?game=POCKET&format=standard&set=A3b
Paldean Clodsire ex Darkrai ex,3,0.03%,6 - 8 - 0,42.86%,/decks/paldean-clodsire-ex-a2b-darkrai-ex-a2?game=POCKET&format=standard&set=A3b
Silvally Blacephalon,3,0.03%,6 - 8 - 0,42.86%,/decks/silvally-blacephalon-a3a?game=POCKET&format=standard&set=A3b
Snorlax ex Delcatty,3,0.03%,8 - 11 - 0,42.11%,/decks/snorlax-ex-a3b-delcatty-a3?game=POCKET&format=standard&set=A3b
Solgaleo ex Snorlax ex,3,0.03%,8 - 9 - 2,42.11%,/decks/solgaleo-ex-a3-snorlax-ex-a3b?game=POCKET&format=standard&set=A3b
Darkrai ex Alcremie,3,0.03%,5 - 7 - 0,41.67%,/decks/darkrai-ex-a2-alcremie-a3b?game=POCKET&format=standard&set=A3b
Sylveon ex Pidgeot ex,3,0.03%,7 - 10 - 0,41.18%,/decks/sylveon-ex-a3b-pidgeot-ex-a1a?game=POCKET&format=standard&set=A3b
Incineroar ex Salazzle,3,0.03%,4 - 6 - 0,40.00%,/decks/incineroar-ex-a3-salazzle-a1a?game=POCKET&format=standard&set=A3b
Sylveon ex Garchomp ex,3,0.03%,6 - 9 - 0,40.00%,/decks/sylveon-ex-a3b-garchomp-ex-a2a?game=POCKET&format=standard&set=A3b
Alolan Raichu ex Oricorio,3,0.03%,5 - 8 - 0,38.46%,/decks/alolan-raichu-ex-oricorio-a3?game=POCKET&format=standard&set=A3b
Snorlax ex Dialga ex,3,0.03%,5 - 8 - 0,38.46%,/decks/snorlax-ex-a3b-dialga-ex-a2?game=POCKET&format=standard&set=A3b
Tapu Koko ex Alolan Raichu ex,3,0.03%,3 - 5 - 0,37.50%,/decks/tapu-koko-ex-a3a-alolan-raichu-ex-a3?game=POCKET&format=standard&set=A3b
Beedrill ex Leafeon ex,3,0.03%,6 - 8 - 2,37.50%,/decks/beedrill-ex-a2b-leafeon-ex-a2a?game=POCKET&format=standard&set=A3b
Snorlax ex Dragonite ex,3,0.03%,3 - 5 - 0,37.50%,/decks/snorlax-ex-dragonite-ex-a3b?game=POCKET&format=standard&set=A3b
Zapdos ex Oricorio,3,0.03%,4 - 7 - 0,36.36%,/decks/zapdos-ex-a1-oricorio-a3?game=POCKET&format=standard&set=A3b
Sylveon ex Slurpuff,3,0.03%,5 - 9 - 0,35.71%,/decks/sylveon-ex-slurpuff-a3b?game=POCKET&format=standard&set=A3b
Dialga ex Melmetal,3,0.03%,5 - 9 - 0,35.71%,/decks/dialga-ex-a2-melmetal-a1?game=POCKET&format=standard&set=A3b
Luxray Zeraora,3,0.03%,7 - 13 - 0,35.00%,/decks/luxray-a2-zeraora-a3a?game=POCKET&format=standard&set=A3b
Charizard ex Incineroar,3,0.03%,4 - 8 - 0,33.33%,/decks/charizard-ex-a2b-incineroar-a3b?game=POCKET&format=standard&set=A3b
Sylveon ex Decidueye ex,3,0.03%,3 - 6 - 0,33.33%,/decks/sylveon-ex-a3b-decidueye-ex-a3?game=POCKET&format=standard&set=A3b
Gengar ex Gengar,3,0.03%,4 - 8 - 0,33.33%,/decks/gengar-ex-gengar-a1?game=POCKET&format=standard&set=A3b
Incineroar ex Eevee ex,3,0.03%,3 - 6 - 0,33.33%,/decks/incineroar-ex-a3-eevee-ex-a3b?game=POCKET&format=standard&set=A3b
Stoutland Bewear,3,0.03%,5 - 11 - 0,31.25%,/decks/stoutland-bewear-a3a?game=POCKET&format=standard&set=A3b
Darkrai ex Arceus ex,3,0.03%,4 - 9 - 0,30.77%,/decks/darkrai-ex-a2-arceus-ex-a2a?game=POCKET&format=standard&set=A3b
Lycanroc Rampardos,3,0.03%,3 - 7 - 0,30.00%,/decks/lycanroc-a3-rampardos-a2?game=POCKET&format=standard&set=A3b
Sylveon ex Shiinotic,3,0.03%,3 - 7 - 0,30.00%,/decks/sylveon-ex-a3b-shiinotic-a3a?game=POCKET&format=standard&set=A3b
Solgaleo ex,3,0.03%,3 - 7 - 0,30.00%,/decks/solgaleo-ex-a3?game=POCKET&format=standard&set=A3b
Solgaleo ex Magearna,3,0.03%,4 - 10 - 0,28.57%,/decks/solgaleo-ex-magearna-a3?game=POCKET&format=standard&set=A3b
Decidueye ex Sylveon ex,3,0.03%,4 - 10 - 0,28.57%,/decks/decidueye-ex-a3-sylveon-ex-a3b?game=POCKET&format=standard&set=A3b
Solgaleo ex Alolan Dugtrio,3,0.03%,3 - 9 - 0,25.00%,/decks/solgaleo-ex-alolan-dugtrio-a3?game=POCKET&format=standard&set=A3b
Sylveon ex Crobat,3,0.03%,3 - 9 - 0,25.00%,/decks/sylveon-ex-a3b-crobat-a2a?game=POCKET&format=standard&set=A3b
Palkia ex Sylveon ex,3,0.03%,3 - 9 - 0,25.00%,/decks/palkia-ex-a2-sylveon-ex-a3b?game=POCKET&format=standard&set=A3b
Paldean Clodsire ex Nihilego,3,0.03%,3 - 10 - 0,23.08%,/decks/paldean-clodsire-ex-a2b-nihilego-a3a?game=POCKET&format=standard&set=A3b
Blastoise ex Manaphy,3,0.03%,3 - 10 - 0,23.08%,/decks/blastoise-ex-a1-manaphy-a2?game=POCKET&format=standard&set=A3b
Flareon ex Infernape ex,3,0.03%,2 - 7 - 0,22.22%,/decks/flareon-ex-a3b-infernape-ex-a2?game=POCKET&format=standard&set=A3b
Snorlax ex Snorlax,3,0.03%,2 - 8 - 0,20.00%,/decks/snorlax-ex-a3b-snorlax-a2a?game=POCKET&format=standard&set=A3b
Solgaleo ex Snorlax,3,0.03%,2 - 9 - 0,18.18%,/decks/solgaleo-ex-a3-snorlax-a2a?game=POCKET&format=standard&set=A3b
Sylveon ex Toucannon,3,0.03%,1 - 6 - 0,14.29%,/decks/sylveon-ex-a3b-toucannon-a3?game=POCKET&format=standard&set=A3b
Palkia ex Vaporeon,3,0.03%,0 - 6 - 0,0.00%,/decks/palkia-ex-a2-vaporeon-a1a?game=POCKET&format=standard&set=A3b
Pachirisu ex,2,0.02%,11 - 3 - 0,78.57%,/decks/pachirisu-ex-a2?game=POCKET&format=standard&set=A3b
Aerodactyl ex Silvally,2,0.02%,8 - 5 - 0,61.54%,/decks/aerodactyl-ex-a1a-silvally-a3a?game=POCKET&format=standard&set=A3b
Garchomp ex,2,0.02%,6 - 4 - 0,60.00%,/decks/garchomp-ex-a2a?game=POCKET&format=standard&set=A3b
Darkrai ex Paldean Clodsire ex,2,0.02%,8 - 6 - 0,57.14%,/decks/darkrai-ex-a2-paldean-clodsire-ex-a2b?game=POCKET&format=standard&set=A3b
Primarina ex Palkia ex,2,0.02%,5 - 4 - 0,55.56%,/decks/primarina-ex-a3b-palkia-ex-a2?game=POCKET&format=standard&set=A3b
Lycanroc Lucario,2,0.02%,5 - 4 - 0,55.56%,/decks/lycanroc-a3-lucario-a2?game=POCKET&format=standard&set=A3b
Arceus ex Carnivine,2,0.02%,6 - 5 - 0,54.55%,/decks/arceus-ex-carnivine-a2a?game=POCKET&format=standard&set=A3b
Charizard ex Shiinotic,2,0.02%,6 - 5 - 0,54.55%,/decks/charizard-ex-a2b-shiinotic-a3a?game=POCKET&format=standard&set=A3b
Rayquaza ex Dialga ex,2,0.02%,8 - 7 - 0,53.33%,/decks/rayquaza-ex-p-a-dialga-ex-a2?game=POCKET&format=standard&set=A3b
Flareon ex Flareon,2,0.02%,8 - 7 - 0,53.33%,/decks/flareon-ex-a3b-flareon-a1?game=POCKET&format=standard&set=A3b
Charizard ex Flareon ex,2,0.02%,2 - 2 - 0,50.00%,/decks/charizard-ex-a1-flareon-ex-a3b?game=POCKET&format=standard&set=A3b
Stoutland Eevee ex,2,0.02%,4 - 4 - 0,50.00%,/decks/stoutland-a3a-eevee-ex-a3b?game=POCKET&format=standard&set=A3b
Sylveon ex Gengar,2,0.02%,4 - 4 - 0,50.00%,/decks/sylveon-ex-a3b-gengar-a2a?game=POCKET&format=standard&set=A3b
Mew ex Tapu Koko ex,2,0.02%,8 - 7 - 1,50.00%,/decks/mew-ex-a1a-tapu-koko-ex-a3a?game=POCKET&format=standard&set=A3b
Beedrill Meowscarada,2,0.02%,4 - 4 - 0,50.00%,/decks/beedrill-a1-meowscarada-a2b?game=POCKET&format=standard&set=A3b
Dialga ex Bastiodon,2,0.02%,7 - 8 - 0,46.67%,/decks/dialga-ex-bastiodon-a2?game=POCKET&format=standard&set=A3b
Dialga ex Skarmory,2,0.02%,7 - 8 - 0,46.67%,/decks/dialga-ex-skarmory-a2?game=POCKET&format=standard&set=A3b
Pikachu ex Zapdos ex,2,0.02%,5 - 6 - 0,45.45%,/decks/pikachu-ex-zapdos-ex-a1?game=POCKET&format=standard&set=A3b
Charizard ex Eevee ex,2,0.02%,4 - 5 - 0,44.44%,/decks/charizard-ex-a2b-eevee-ex-a3b?game=POCKET&format=standard&set=A3b
Primarina ex Wugtrio ex,2,0.02%,6 - 8 - 0,42.86%,/decks/primarina-ex-a3b-wugtrio-ex-a2b?game=POCKET&format=standard&set=A3b
Incineroar ex Moltres ex,2,0.02%,6 - 8 - 0,42.86%,/decks/incineroar-ex-a3-moltres-ex-a1?game=POCKET&format=standard&set=A3b
Crobat Toxicroak,2,0.02%,6 - 8 - 0,42.86%,/decks/crobat-a2a-toxicroak-a2?game=POCKET&format=standard&set=A3b
Darkrai ex Leafeon ex,2,0.02%,6 - 8 - 0,42.86%,/decks/darkrai-ex-a2-leafeon-ex-a2a?game=POCKET&format=standard&set=A3b
Aerodactyl ex Lucario,2,0.02%,3 - 4 - 0,42.86%,/decks/aerodactyl-ex-a1a-lucario-a2?game=POCKET&format=standard&set=A3b
Guzzlord ex Silvally,2,0.02%,5 - 7 - 0,41.67%,/decks/guzzlord-ex-silvally-a3a?game=POCKET&format=standard&set=A3b
Lucario Kabutops,2,0.02%,4 - 6 - 0,40.00%,/decks/lucario-a2-kabutops-a1?game=POCKET&format=standard&set=A3b
Infernape ex Silvally,2,0.02%,4 - 6 - 0,40.00%,/decks/infernape-ex-a2-silvally-a3a?game=POCKET&format=standard&set=A3b
Primarina ex Starmie ex,2,0.02%,2 - 3 - 0,40.00%,/decks/primarina-ex-a3b-starmie-ex-a1?game=POCKET&format=standard&set=A3b
Garchomp ex Aerodactyl ex,2,0.02%,4 - 6 - 0,40.00%,/decks/garchomp-ex-a2a-aerodactyl-ex-a1a?game=POCKET&format=standard&set=A3b
Vanilluxe Alcremie,2,0.02%,4 - 6 - 0,40.00%,/decks/vanilluxe-alcremie-a3b?game=POCKET&format=standard&set=A3b
Lycanroc ex Passimian ex,2,0.02%,4 - 5 - 1,40.00%,/decks/lycanroc-ex-a3a-passimian-ex-a3?game=POCKET&format=standard&set=A3b
Jolteon Tapu Koko ex,2,0.02%,5 - 8 - 0,38.46%,/decks/jolteon-a3b-tapu-koko-ex-a3a?game=POCKET&format=standard&set=A3b
Exeggutor ex Celebi ex,2,0.02%,5 - 8 - 0,38.46%,/decks/exeggutor-ex-a1-celebi-ex-a1a?game=POCKET&format=standard&set=A3b
Guzzlord ex Celesteela,2,0.02%,5 - 4 - 4,38.46%,/decks/guzzlord-ex-celesteela-a3a?game=POCKET&format=standard&set=A3b
Paldean Clodsire ex Giratina ex,2,0.02%,5 - 8 - 0,38.46%,/decks/paldean-clodsire-ex-giratina-ex-a2b?game=POCKET&format=standard&set=A3b
Dragonite Giratina ex,2,0.02%,3 - 5 - 0,37.50%,/decks/dragonite-a1-giratina-ex-a2b?game=POCKET&format=standard&set=A3b
Darkrai ex Guzzlord ex,2,0.02%,3 - 5 - 0,37.50%,/decks/darkrai-ex-a2-guzzlord-ex-a3a?game=POCKET&format=standard&set=A3b
Tapu Koko ex,2,0.02%,4 - 7 - 0,36.36%,/decks/tapu-koko-ex-a3a?game=POCKET&format=standard&set=A3b
Lycanroc ex Lucario,2,0.02%,5 - 9 - 0,35.71%,/decks/lycanroc-ex-a3a-lucario-a2?game=POCKET&format=standard&set=A3b
Exeggutor ex Meowscarada,2,0.02%,1 - 2 - 0,33.33%,/decks/exeggutor-ex-a1-meowscarada-a2b?game=POCKET&format=standard&set=A3b
Umbreon Guzzlord ex,2,0.02%,3 - 6 - 0,33.33%,/decks/umbreon-a3b-guzzlord-ex-a3a?game=POCKET&format=standard&set=A3b
Giratina ex Banette,2,0.02%,2 - 4 - 0,33.33%,/decks/giratina-ex-a2b-banette-a3?game=POCKET&format=standard&set=A3b
Decidueye,2,0.02%,2 - 4 - 0,33.33%,/decks/decidueye-a3a?game=POCKET&format=standard&set=A3b
Stoutland Espeon,2,0.02%,2 - 4 - 0,33.33%,/decks/stoutland-a3a-espeon-a3b?game=POCKET&format=standard&set=A3b
Giratina ex Lunala ex,2,0.02%,2 - 4 - 0,33.33%,/decks/giratina-ex-a2b-lunala-ex-a3?game=POCKET&format=standard&set=A3b
Garchomp ex Eevee ex,2,0.02%,2 - 4 - 0,33.33%,/decks/garchomp-ex-a2a-eevee-ex-a3b?game=POCKET&format=standard&set=A3b
Eevee ex Tapu Koko ex,2,0.02%,2 - 5 - 0,28.57%,/decks/eevee-ex-a3b-tapu-koko-ex-a3a?game=POCKET&format=standard&set=A3b
Incineroar ex Wigglytuff,2,0.02%,2 - 5 - 0,28.57%,/decks/incineroar-ex-a3-wigglytuff-a2b?game=POCKET&format=standard&set=A3b
Garchomp ex Lucario,2,0.02%,2 - 5 - 0,28.57%,/decks/garchomp-ex-a2a-lucario-a2?game=POCKET&format=standard&set=A3b
Flareon ex,2,0.02%,2 - 5 - 0,28.57%,/decks/flareon-ex-a3b?game=POCKET&format=standard&set=A3b
Serperior Celebi ex,2,0.02%,2 - 5 - 0,28.57%,/decks/serperior-celebi-ex-a1a?game=POCKET&format=standard&set=A3b
Skarmory Togedemaru,2,0.02%,2 - 5 - 0,28.57%,/decks/skarmory-a2-togedemaru-a3b?game=POCKET&format=standard&set=A3b
Gyarados ex Greninja,2,0.02%,2 - 5 - 0,28.57%,/decks/gyarados-ex-a1a-greninja-a1?game=POCKET&format=standard&set=A3b
Greninja Cramorant,2,0.02%,1 - 3 - 0,25.00%,/decks/greninja-a1-cramorant-a1a?game=POCKET&format=standard&set=A3b
Glaceon ex Greninja,2,0.02%,1 - 3 - 0,25.00%,/decks/glaceon-ex-a2a-greninja-a1?game=POCKET&format=standard&set=A3b
Sylveon ex Meowscarada,2,0.02%,2 - 6 - 0,25.00%,/decks/sylveon-ex-a3b-meowscarada-a2b?game=POCKET&format=standard&set=A3b
Gyarados ex Sylveon ex,2,0.02%,2 - 6 - 0,25.00%,/decks/gyarados-ex-a1a-sylveon-ex-a3b?game=POCKET&format=standard&set=A3b
Weezing Darkrai ex,2,0.02%,2 - 6 - 1,22.22%,/decks/weezing-a1-darkrai-ex-a2?game=POCKET&format=standard&set=A3b
Marowak ex Primeape,2,0.02%,2 - 7 - 0,22.22%,/decks/marowak-ex-primeape-a1?game=POCKET&format=standard&set=A3b
Solgaleo ex Lunala ex,2,0.02%,2 - 5 - 2,22.22%,/decks/solgaleo-ex-lunala-ex-a3?game=POCKET&format=standard&set=A3b
Sylveon ex Flareon ex,2,0.02%,2 - 6 - 1,22.22%,/decks/sylveon-ex-flareon-ex-a3b?game=POCKET&format=standard&set=A3b
Greninja,2,0.02%,2 - 8 - 0,20.00%,/decks/greninja-a1?game=POCKET&format=standard&set=A3b
Greninja Silvally,2,0.02%,1 - 4 - 0,20.00%,/decks/greninja-a1-silvally-a3a?game=POCKET&format=standard&set=A3b
Sylveon ex Palkia ex,2,0.02%,1 - 4 - 0,20.00%,/decks/sylveon-ex-a3b-palkia-ex-a2?game=POCKET&format=standard&set=A3b
Sylveon ex Pidgeot,2,0.02%,1 - 4 - 0,20.00%,/decks/sylveon-ex-a3b-pidgeot-a1?game=POCKET&format=standard&set=A3b
Sylveon ex Golem,2,0.02%,1 - 4 - 0,20.00%,/decks/sylveon-ex-a3b-golem-a1a?game=POCKET&format=standard&set=A3b
Starmie ex Pyukumuku,2,0.02%,1 - 4 - 0,20.00%,/decks/starmie-ex-a1-pyukumuku-a3?game=POCKET&format=standard&set=A3b
Appletun Alcremie,2,0.02%,1 - 4 - 0,20.00%,/decks/appletun-alcremie-a3b?game=POCKET&format=standard&set=A3b
Luxray Galvantula,2,0.02%,1 - 5 - 0,16.67%,/decks/luxray-a3a-galvantula-a3b?game=POCKET&format=standard&set=A3b
Alolan Raichu ex Zapdos ex,2,0.02%,1 - 5 - 0,16.67%,/decks/alolan-raichu-ex-a3-zapdos-ex-a1?game=POCKET&format=standard&set=A3b
Articuno ex Wigglytuff,2,0.02%,1 - 5 - 0,16.67%,/decks/articuno-ex-a1-wigglytuff-a2b?game=POCKET&format=standard&set=A3b
Tapu Koko ex Silvally,2,0.02%,1 - 5 - 0,16.67%,/decks/tapu-koko-ex-silvally-a3a?game=POCKET&format=standard&set=A3b
Wugtrio ex Silvally,2,0.02%,1 - 5 - 0,16.67%,/decks/wugtrio-ex-a2b-silvally-a3a?game=POCKET&format=standard&set=A3b
Gengar ex Gengar,2,0.02%,1 - 5 - 1,14.29%,/decks/gengar-ex-a1-gengar-a2a?game=POCKET&format=standard&set=A3b
Eevee ex Luxray,2,0.02%,1 - 6 - 0,14.29%,/decks/eevee-ex-a3b-luxray-a2?game=POCKET&format=standard&set=A3b
Dialga ex Snorlax ex,2,0.02%,1 - 6 - 0,14.29%,/decks/dialga-ex-a2-snorlax-ex-a3b?game=POCKET&format=standard&set=A3b
Gallade ex Aerodactyl ex,2,0.02%,1 - 6 - 0,14.29%,/decks/gallade-ex-a2-aerodactyl-ex-a1a?game=POCKET&format=standard&set=A3b
Blastoise ex Sylveon ex,2,0.02%,1 - 6 - 0,14.29%,/decks/blastoise-ex-a1-sylveon-ex-a3b?game=POCKET&format=standard&set=A3b
Naganadel Nihilego,2,0.02%,1 - 6 - 0,14.29%,/decks/naganadel-nihilego-a3a?game=POCKET&format=standard&set=A3b
Solgaleo ex Alolan Dugtrio ex,2,0.02%,1 - 7 - 0,12.50%,/decks/solgaleo-ex-a3-alolan-dugtrio-ex-a3a?game=POCKET&format=standard&set=A3b
Alolan Raichu ex Zeraora,2,0.02%,1 - 7 - 0,12.50%,/decks/alolan-raichu-ex-a3-zeraora-a3a?game=POCKET&format=standard&set=A3b
Eevee ex Togekiss,2,0.02%,1 - 7 - 0,12.50%,/decks/eevee-ex-a3b-togekiss-a2?game=POCKET&format=standard&set=A3b
Gallade ex,2,0.02%,1 - 8 - 0,11.11%,/decks/gallade-ex-a2?game=POCKET&format=standard&set=A3b
Dialga ex Melmetal,2,0.02%,0 - 2 - 0,0.00%,/decks/dialga-ex-a2-melmetal-a3b?game=POCKET&format=standard&set=A3b
Wugtrio ex Glaceon,2,0.02%,0 - 4 - 0,0.00%,/decks/wugtrio-ex-a2b-glaceon-a3b?game=POCKET&format=standard&set=A3b
Palkia ex Silvally,2,0.02%,0 - 4 - 0,0.00%,/decks/palkia-ex-a2-silvally-a3a?game=POCKET&format=standard&set=A3b
Pikachu ex Zebstrika,2,0.02%,0 - 3 - 0,0.00%,/decks/pikachu-ex-zebstrika-a1?game=POCKET&format=standard&set=A3b
Alolan Raichu ex Dialga ex,2,0.02%,0 - 4 - 0,0.00%,/decks/alolan-raichu-ex-a3-dialga-ex-a2?game=POCKET&format=standard&set=A3b
Primarina ex Shiinotic,2,0.02%,0 - 4 - 0,0.00%,/decks/primarina-ex-a3b-shiinotic-a3a?game=POCKET&format=standard&set=A3b
Hypno Articuno,2,0.02%,0 - 5 - 0,0.00%,/decks/hypno-articuno-a1?game=POCKET&format=standard&set=A3b
Vaporeon Manaphy,2,0.02%,0 - 2 - 0,0.00%,/decks/vaporeon-a3b-manaphy-a2?game=POCKET&format=standard&set=A3b
Solgaleo ex Stoutland,2,0.02%,0 - 2 - 0,0.00%,/decks/solgaleo-ex-a3-stoutland-a3a?game=POCKET&format=standard&set=A3b
Leafeon Serperior,2,0.02%,0 - 3 - 0,0.00%,/decks/leafeon-a3b-serperior-a1a?game=POCKET&format=standard&set=A3b
Sylveon ex Aerodactyl ex,2,0.02%,0 - 2 - 0,0.00%,/decks/sylveon-ex-a3b-aerodactyl-ex-a1a?game=POCKET&format=standard&set=A3b
Lunala ex Mew ex,2,0.02%,0 - 5 - 0,0.00%,/decks/lunala-ex-a3-mew-ex-a1a?game=POCKET&format=standard&set=A3b
Palkia ex Origin Forme Palkia,1,0.01%,1 - 0 - 0,100.00%,/decks/palkia-ex-a2-origin-forme-palkia-a2a?game=POCKET&format=standard&set=A3b
Primarina ex Komala,1,0.01%,1 - 0 - 0,100.00%,/decks/primarina-ex-a3b-komala-a3?game=POCKET&format=standard&set=A3b
Wugtrio ex Palkia ex,1,0.01%,7 - 1 - 0,87.50%,/decks/wugtrio-ex-a2b-palkia-ex-a2?game=POCKET&format=standard&set=A3b
Jolteon Staraptor,1,0.01%,5 - 2 - 0,71.43%,/decks/jolteon-a1-staraptor-a2a?game=POCKET&format=standard&set=A3b
Ninetales Rapidash,1,0.01%,4 - 2 - 0,66.67%,/decks/ninetales-a1-rapidash-a1a?game=POCKET&format=standard&set=A3b
Primarina ex Alolan Sandslash,1,0.01%,6 - 3 - 0,66.67%,/decks/primarina-ex-a3b-alolan-sandslash-a3?game=POCKET&format=standard&set=A3b
Wugtrio ex,1,0.01%,4 - 2 - 0,66.67%,/decks/wugtrio-ex-a2b?game=POCKET&format=standard&set=A3b
Blastoise ex,1,0.01%,4 - 2 - 0,66.67%,/decks/blastoise-ex-a1?game=POCKET&format=standard&set=A3b
Beedrill ex Venusaur ex,1,0.01%,4 - 2 - 0,66.67%,/decks/beedrill-ex-a2b-venusaur-ex-a1?game=POCKET&format=standard&set=A3b
Greninja Articuno ex,1,0.01%,4 - 2 - 0,66.67%,/decks/greninja-articuno-ex-a1?game=POCKET&format=standard&set=A3b
Solgaleo ex Bastiodon,1,0.01%,6 - 3 - 0,66.67%,/decks/solgaleo-ex-a3-bastiodon-a2?game=POCKET&format=standard&set=A3b
Rampardos Sudowoodo,1,0.01%,4 - 2 - 0,66.67%,/decks/rampardos-a2-sudowoodo-a2a?game=POCKET&format=standard&set=A3b
Articuno ex Pyukumuku,1,0.01%,4 - 2 - 0,66.67%,/decks/articuno-ex-a1-pyukumuku-a3?game=POCKET&format=standard&set=A3b
Alcremie Slurpuff,1,0.01%,5 - 3 - 0,62.50%,/decks/alcremie-slurpuff-a3b?game=POCKET&format=standard&set=A3b
Bastiodon,1,0.01%,5 - 3 - 0,62.50%,/decks/bastiodon-a2?game=POCKET&format=standard&set=A3b
Crabominable ex Mew ex,1,0.01%,5 - 3 - 0,62.50%,/decks/crabominable-ex-a3-mew-ex-a1a?game=POCKET&format=standard&set=A3b
Wigglytuff ex Silvally,1,0.01%,3 - 2 - 0,60.00%,/decks/wigglytuff-ex-a1-silvally-a3a?game=POCKET&format=standard&set=A3b
Giratina ex Dragonite ex,1,0.01%,3 - 2 - 0,60.00%,/decks/giratina-ex-a2b-dragonite-ex-a3b?game=POCKET&format=standard&set=A3b
Gallade ex Silvally,1,0.01%,3 - 2 - 0,60.00%,/decks/gallade-ex-a2-silvally-a3a?game=POCKET&format=standard&set=A3b
Meowscarada Giratina ex,1,0.01%,3 - 2 - 0,60.00%,/decks/meowscarada-giratina-ex-a2b?game=POCKET&format=standard&set=A3b
Alolan Dugtrio ex Alolan Dugtrio,1,0.01%,4 - 3 - 0,57.14%,/decks/alolan-dugtrio-ex-a3a-alolan-dugtrio-a3?game=POCKET&format=standard&set=A3b
Pawmot Psyduck,1,0.01%,4 - 3 - 0,57.14%,/decks/pawmot-a2b-psyduck-a1?game=POCKET&format=standard&set=A3b
Silvally Dusk Mane Necrozma,1,0.01%,4 - 3 - 0,57.14%,/decks/silvally-a3a-dusk-mane-necrozma-p-a?game=POCKET&format=standard&set=A3b
Darkrai ex Slurpuff,1,0.01%,4 - 3 - 0,57.14%,/decks/darkrai-ex-a2-slurpuff-a3b?game=POCKET&format=standard&set=A3b
Gallade ex Gardevoir,1,0.01%,4 - 3 - 0,57.14%,/decks/gallade-ex-a2-gardevoir-a1?game=POCKET&format=standard&set=A3b
Gengar Sylveon ex,1,0.01%,4 - 3 - 0,57.14%,/decks/gengar-a1-sylveon-ex-a3b?game=POCKET&format=standard&set=A3b
Magnezone Krookodile,1,0.01%,4 - 3 - 0,57.14%,/decks/magnezone-a2-krookodile-a3a?game=POCKET&format=standard&set=A3b
Garchomp Stoutland,1,0.01%,4 - 3 - 0,57.14%,/decks/garchomp-a2-stoutland-a3a?game=POCKET&format=standard&set=A3b
Lycanroc ex Silvally,1,0.01%,4 - 3 - 0,57.14%,/decks/lycanroc-ex-silvally-a3a?game=POCKET&format=standard&set=A3b
Infernape ex Turtonator,1,0.01%,4 - 3 - 0,57.14%,/decks/infernape-ex-a2-turtonator-a3?game=POCKET&format=standard&set=A3b
Lunala ex Sylveon ex,1,0.01%,4 - 3 - 0,57.14%,/decks/lunala-ex-a3-sylveon-ex-a3b?game=POCKET&format=standard&set=A3b
Rampardos Lycanroc,1,0.01%,4 - 3 - 0,57.14%,/decks/rampardos-a2-lycanroc-a3?game=POCKET&format=standard&set=A3b
Tsareena Fan Rotom,1,0.01%,4 - 3 - 0,57.14%,/decks/tsareena-a3b-fan-rotom-a2?game=POCKET&format=standard&set=A3b
Magnezone Zeraora,1,0.01%,4 - 3 - 0,57.14%,/decks/magnezone-a2-zeraora-a3a?game=POCKET&format=standard&set=A3b
Arceus ex Manectric,1,0.01%,4 - 3 - 0,57.14%,/decks/arceus-ex-manectric-a2a?game=POCKET&format=standard&set=A3b
Sylveon ex Lucario ex,1,0.01%,4 - 3 - 0,57.14%,/decks/sylveon-ex-a3b-lucario-ex-a2b?game=POCKET&format=standard&set=A3b
Exeggutor ex,1,0.01%,4 - 3 - 0,57.14%,/decks/exeggutor-ex-a1?game=POCKET&format=standard&set=A3b
Lucario ex Dugtrio,1,0.01%,4 - 2 - 1,57.14%,/decks/lucario-ex-a2b-dugtrio-a1?game=POCKET&format=standard&set=A3b
Tsareena,1,0.01%,2 - 2 - 0,50.00%,/decks/tsareena-a3b?game=POCKET&format=standard&set=A3b
Leafeon ex Golisopod,1,0.01%,1 - 1 - 0,50.00%,/decks/leafeon-ex-a2a-golisopod-a3?game=POCKET&format=standard&set=A3b
Vaporeon Manaphy,1,0.01%,1 - 1 - 0,50.00%,/decks/vaporeon-a1a-manaphy-a2?game=POCKET&format=standard&set=A3b
Celebi ex Venusaur ex,1,0.01%,3 - 3 - 0,50.00%,/decks/celebi-ex-a1a-venusaur-ex-a1?game=POCKET&format=standard&set=A3b
Giratina ex Silvally,1,0.01%,2 - 2 - 0,50.00%,/decks/giratina-ex-a2b-silvally-a3a?game=POCKET&format=standard&set=A3b
Darkrai ex Druddigon,1,0.01%,1 - 1 - 0,50.00%,/decks/darkrai-ex-a2-druddigon-a1a?game=POCKET&format=standard&set=A3b
Gallade ex Rampardos,1,0.01%,4 - 4 - 0,50.00%,/decks/gallade-ex-rampardos-a2?game=POCKET&format=standard&set=A3b
Dragonite ex Dusknoir,1,0.01%,4 - 4 - 0,50.00%,/decks/dragonite-ex-a3b-dusknoir-a2?game=POCKET&format=standard&set=A3b
Alcremie Vanillite,1,0.01%,3 - 3 - 0,50.00%,/decks/alcremie-vanillite-a3b?game=POCKET&format=standard&set=A3b
Vanilluxe Silvally,1,0.01%,3 - 3 - 0,50.00%,/decks/vanilluxe-a3b-silvally-a3a?game=POCKET&format=standard&set=A3b
Gengar Sylveon,1,0.01%,1 - 1 - 0,50.00%,/decks/gengar-a1-sylveon-a3b?game=POCKET&format=standard&set=A3b
Aerodactyl ex Shiinotic,1,0.01%,3 - 3 - 0,50.00%,/decks/aerodactyl-ex-a1a-shiinotic-a3a?game=POCKET&format=standard&set=A3b
Luxray Snorlax,1,0.01%,2 - 2 - 0,50.00%,/decks/luxray-a2-snorlax-a2a?game=POCKET&format=standard&set=A3b
Alolan Raichu ex Silvally,1,0.01%,1 - 1 - 0,50.00%,/decks/alolan-raichu-ex-a3-silvally-a3a?game=POCKET&format=standard&set=A3b
Leafeon ex Silvally,1,0.01%,3 - 3 - 0,50.00%,/decks/leafeon-ex-a2a-silvally-a3a?game=POCKET&format=standard&set=A3b
Giratina ex Stoutland,1,0.01%,3 - 3 - 0,50.00%,/decks/giratina-ex-a2b-stoutland-a3a?game=POCKET&format=standard&set=A3b
Primarina ex Araquanid,1,0.01%,4 - 4 - 0,50.00%,/decks/primarina-ex-a3b-araquanid-a3?game=POCKET&format=standard&set=A3b
Togekiss Sigilyph,1,0.01%,2 - 2 - 0,50.00%,/decks/togekiss-a2-sigilyph-a1a?game=POCKET&format=standard&set=A3b
Arceus ex Oricorio,1,0.01%,2 - 2 - 0,50.00%,/decks/arceus-ex-a2a-oricorio-a3?game=POCKET&format=standard&set=A3b
Silvally Buzzwole ex,1,0.01%,2 - 2 - 0,50.00%,/decks/silvally-buzzwole-ex-a3a?game=POCKET&format=standard&set=A3b
Lucario Lycanroc,1,0.01%,4 - 4 - 0,50.00%,/decks/lucario-a2-lycanroc-a3?game=POCKET&format=standard&set=A3b
Alolan Raichu ex Pachirisu ex,1,0.01%,4 - 4 - 0,50.00%,/decks/alolan-raichu-ex-a3-pachirisu-ex-a2?game=POCKET&format=standard&set=A3b
Gallade ex Hitmonlee,1,0.01%,3 - 2 - 1,50.00%,/decks/gallade-ex-a2-hitmonlee-a2b?game=POCKET&format=standard&set=A3b
Blastoise ex Blastoise,1,0.01%,2 - 2 - 0,50.00%,/decks/blastoise-ex-blastoise-a1?game=POCKET&format=standard&set=A3b
Machamp Passimian ex,1,0.01%,4 - 4 - 0,50.00%,/decks/machamp-a2b-passimian-ex-a3?game=POCKET&format=standard&set=A3b
Aerodactyl ex Stoutland,1,0.01%,4 - 4 - 0,50.00%,/decks/aerodactyl-ex-a1a-stoutland-a3a?game=POCKET&format=standard&set=A3b
Wigglytuff ex Manectric,1,0.01%,4 - 4 - 0,50.00%,/decks/wigglytuff-ex-a1-manectric-a2a?game=POCKET&format=standard&set=A3b
Alolan Raichu ex Snorlax ex,1,0.01%,2 - 2 - 0,50.00%,/decks/alolan-raichu-ex-a3-snorlax-ex-a3b?game=POCKET&format=standard&set=A3b
Gengar Espeon,1,0.01%,3 - 3 - 0,50.00%,/decks/gengar-a2a-espeon-a3b?game=POCKET&format=standard&set=A3b
Leafeon ex Rampardos,1,0.01%,2 - 2 - 0,50.00%,/decks/leafeon-ex-a2a-rampardos-a2?game=POCKET&format=standard&set=A3b
Jolteon Zeraora,1,0.01%,4 - 4 - 0,50.00%,/decks/jolteon-a3b-zeraora-a3a?game=POCKET&format=standard&set=A3b
Incineroar ex Snorlax,1,0.01%,4 - 4 - 0,50.00%,/decks/incineroar-ex-a3-snorlax-a2a?game=POCKET&format=standard&set=A3b
Primarina ex Vaporeon,1,0.01%,1 - 1 - 0,50.00%,/decks/primarina-ex-vaporeon-a3b?game=POCKET&format=standard&set=A3b
Stoutland Giratina ex,1,0.01%,2 - 2 - 0,50.00%,/decks/stoutland-a3a-giratina-ex-a2b?game=POCKET&format=standard&set=A3b
Leafeon ex Galvantula,1,0.01%,2 - 2 - 0,50.00%,/decks/leafeon-ex-a2a-galvantula-a3b?game=POCKET&format=standard&set=A3b
Starmie ex Crabominable ex,1,0.01%,2 - 2 - 0,50.00%,/decks/starmie-ex-a1-crabominable-ex-a3?game=POCKET&format=standard&set=A3b
Darkrai ex Crobat,1,0.01%,1 - 1 - 0,50.00%,/decks/darkrai-ex-a2-crobat-a2a?game=POCKET&format=standard&set=A3b
Charizard ex Arcanine ex,1,0.01%,2 - 2 - 0,50.00%,/decks/charizard-ex-arcanine-ex-a1?game=POCKET&format=standard&set=A3b
Garchomp ex Silvally,1,0.01%,2 - 2 - 0,50.00%,/decks/garchomp-ex-a2a-silvally-a3a?game=POCKET&format=standard&set=A3b
Lucario Sudowoodo,1,0.01%,3 - 4 - 0,42.86%,/decks/lucario-a2-sudowoodo-a2a?game=POCKET&format=standard&set=A3b
Wugtrio ex Pyukumuku,1,0.01%,3 - 4 - 0,42.86%,/decks/wugtrio-ex-a2b-pyukumuku-a3?game=POCKET&format=standard&set=A3b
Torkoal Turtonator,1,0.01%,3 - 4 - 0,42.86%,/decks/torkoal-a3b-turtonator-a3?game=POCKET&format=standard&set=A3b
Galvantula Pawmot,1,0.01%,3 - 3 - 1,42.86%,/decks/galvantula-a3b-pawmot-a2b?game=POCKET&format=standard&set=A3b
Pawmot Pikachu ex,1,0.01%,3 - 4 - 0,42.86%,/decks/pawmot-pikachu-ex-a2b?game=POCKET&format=standard&set=A3b
Kommo-o Zeraora,1,0.01%,3 - 4 - 0,42.86%,/decks/kommo-o-a3-zeraora-a3a?game=POCKET&format=standard&set=A3b
Bastiodon Silvally,1,0.01%,3 - 3 - 1,42.86%,/decks/bastiodon-a2-silvally-a3a?game=POCKET&format=standard&set=A3b
Naganadel Arbok,1,0.01%,3 - 4 - 0,42.86%,/decks/naganadel-a3a-arbok-a1?game=POCKET&format=standard&set=A3b
Dragonite ex Jolteon,1,0.01%,2 - 3 - 0,40.00%,/decks/dragonite-ex-a3b-jolteon-a1?game=POCKET&format=standard&set=A3b
Articuno ex Sylveon ex,1,0.01%,2 - 3 - 0,40.00%,/decks/articuno-ex-a1-sylveon-ex-a3b?game=POCKET&format=standard&set=A3b
Beedrill ex Tsareena,1,0.01%,2 - 3 - 0,40.00%,/decks/beedrill-ex-a2b-tsareena-a3?game=POCKET&format=standard&set=A3b
Dragonite ex Pyukumuku,1,0.01%,2 - 3 - 0,40.00%,/decks/dragonite-ex-a3b-pyukumuku-a3?game=POCKET&format=standard&set=A3b
Decidueye ex Leafeon,1,0.01%,2 - 3 - 0,40.00%,/decks/decidueye-ex-a3-leafeon-a3b?game=POCKET&format=standard&set=A3b
Eevee ex Stoutland,1,0.01%,2 - 3 - 0,40.00%,/decks/eevee-ex-a3b-stoutland-a3a?game=POCKET&format=standard&set=A3b
Leafeon ex Masquerain,1,0.01%,2 - 3 - 0,40.00%,/decks/leafeon-ex-a2a-masquerain-a3?game=POCKET&format=standard&set=A3b
Togekiss Shiinotic,1,0.01%,2 - 3 - 0,40.00%,/decks/togekiss-a2-shiinotic-a3a?game=POCKET&format=standard&set=A3b
Magnezone,1,0.01%,2 - 3 - 0,40.00%,/decks/magnezone-a2?game=POCKET&format=standard&set=A3b
Charizard ex Giratina ex,1,0.01%,2 - 3 - 0,40.00%,/decks/charizard-ex-a1-giratina-ex-a2b?game=POCKET&format=standard&set=A3b
Alakazam Stoutland,1,0.01%,2 - 3 - 0,40.00%,/decks/alakazam-a1-stoutland-a3a?game=POCKET&format=standard&set=A3b
Gengar ex Sylveon,1,0.01%,2 - 3 - 0,40.00%,/decks/gengar-ex-a1-sylveon-a3b?game=POCKET&format=standard&set=A3b
Machamp ex Gallade ex,1,0.01%,2 - 3 - 0,40.00%,/decks/machamp-ex-a1-gallade-ex-a2?game=POCKET&format=standard&set=A3b
Lucario ex Rampardos,1,0.01%,2 - 3 - 0,40.00%,/decks/lucario-ex-a2b-rampardos-a2?game=POCKET&format=standard&set=A3b
Guzzlord ex Arbok,1,0.01%,3 - 5 - 0,37.50%,/decks/guzzlord-ex-a3a-arbok-a1?game=POCKET&format=standard&set=A3b
Silvally Zapdos ex,1,0.01%,3 - 5 - 0,37.50%,/decks/silvally-a3a-zapdos-ex-a1?game=POCKET&format=standard&set=A3b
Palkia ex Stoutland,1,0.01%,3 - 5 - 0,37.50%,/decks/palkia-ex-a2-stoutland-a3a?game=POCKET&format=standard&set=A3b
Solgaleo ex Togedemaru,1,0.01%,3 - 5 - 0,37.50%,/decks/solgaleo-ex-a3-togedemaru-a3b?game=POCKET&format=standard&set=A3b
Blastoise ex Cloyster,1,0.01%,1 - 2 - 0,33.33%,/decks/blastoise-ex-a1-cloyster-a3?game=POCKET&format=standard&set=A3b
Pidgeot ex Umbreon,1,0.01%,1 - 2 - 0,33.33%,/decks/pidgeot-ex-a1a-umbreon-a3b?game=POCKET&format=standard&set=A3b
Buzzwole ex Alolan Raichu ex,1,0.01%,1 - 2 - 0,33.33%,/decks/buzzwole-ex-a3a-alolan-raichu-ex-a3?game=POCKET&format=standard&set=A3b
Arceus ex Tyranitar,1,0.01%,2 - 4 - 0,33.33%,/decks/arceus-ex-tyranitar-a2a?game=POCKET&format=standard&set=A3b
Glaceon ex Primarina ex,1,0.01%,1 - 2 - 0,33.33%,/decks/glaceon-ex-a2a-primarina-ex-a3b?game=POCKET&format=standard&set=A3b
Snorlax ex Lunala ex,1,0.01%,1 - 2 - 0,33.33%,/decks/snorlax-ex-a3b-lunala-ex-a3?game=POCKET&format=standard&set=A3b
Blastoise ex Pyukumuku,1,0.01%,1 - 2 - 0,33.33%,/decks/blastoise-ex-a1-pyukumuku-a3?game=POCKET&format=standard&set=A3b
Silvally,1,0.01%,1 - 2 - 0,33.33%,/decks/silvally-a3a?game=POCKET&format=standard&set=A3b
Alolan Raichu ex Raichu,1,0.01%,2 - 4 - 0,33.33%,/decks/alolan-raichu-ex-a3-raichu-a1a?game=POCKET&format=standard&set=A3b
Starmie ex Primarina ex,1,0.01%,1 - 2 - 0,33.33%,/decks/starmie-ex-a1-primarina-ex-a3b?game=POCKET&format=standard&set=A3b
Charizard ex Ninetales,1,0.01%,2 - 4 - 0,33.33%,/decks/charizard-ex-a2b-ninetales-a1?game=POCKET&format=standard&set=A3b
Venusaur ex Celebi ex,1,0.01%,2 - 4 - 0,33.33%,/decks/venusaur-ex-a1-celebi-ex-a1a?game=POCKET&format=standard&set=A3b
Primarina ex Wigglytuff,1,0.01%,1 - 2 - 0,33.33%,/decks/primarina-ex-a3b-wigglytuff-a2b?game=POCKET&format=standard&set=A3b
Silvally Tapu Koko ex,1,0.01%,1 - 2 - 0,33.33%,/decks/silvally-tapu-koko-ex-a3a?game=POCKET&format=standard&set=A3b
Sylveon ex Tsareena,1,0.01%,1 - 2 - 0,33.33%,/decks/sylveon-ex-a3b-tsareena-a3?game=POCKET&format=standard&set=A3b
Gyarados ex Wugtrio ex,1,0.01%,1 - 2 - 0,33.33%,/decks/gyarados-ex-a1a-wugtrio-ex-a2b?game=POCKET&format=standard&set=A3b
Gyarados ex Vaporeon,1,0.01%,1 - 2 - 0,33.33%,/decks/gyarados-ex-vaporeon-a1a?game=POCKET&format=standard&set=A3b
Tsareena Decidueye ex,1,0.01%,2 - 4 - 0,33.33%,/decks/tsareena-a3b-decidueye-ex-a3?game=POCKET&format=standard&set=A3b
Silvally Bastiodon,1,0.01%,2 - 4 - 0,33.33%,/decks/silvally-a3a-bastiodon-a2?game=POCKET&format=standard&set=A3b
Giratina ex Alcremie,1,0.01%,1 - 2 - 0,33.33%,/decks/giratina-ex-a2b-alcremie-a3b?game=POCKET&format=standard&set=A3b
Flareon ex Heatmor,1,0.01%,1 - 2 - 0,33.33%,/decks/flareon-ex-a3b-heatmor-a1?game=POCKET&format=standard&set=A3b
Celebi ex Leafeon ex,1,0.01%,1 - 2 - 0,33.33%,/decks/celebi-ex-a1a-leafeon-ex-a2a?game=POCKET&format=standard&set=A3b
Guzzlord ex Scolipede,1,0.01%,2 - 4 - 0,33.33%,/decks/guzzlord-ex-a3a-scolipede-a1a?game=POCKET&format=standard&set=A3b
Ambipom Guzzlord ex,1,0.01%,1 - 2 - 0,33.33%,/decks/ambipom-a3b-guzzlord-ex-a3a?game=POCKET&format=standard&set=A3b
Flareon ex Toucannon,1,0.01%,1 - 2 - 0,33.33%,/decks/flareon-ex-a3b-toucannon-a3?game=POCKET&format=standard&set=A3b
Charizard ex Incineroar ex,1,0.01%,1 - 2 - 0,33.33%,/decks/charizard-ex-a1-incineroar-ex-a3?game=POCKET&format=standard&set=A3b
Banette Giratina ex,1,0.01%,1 - 2 - 0,33.33%,/decks/banette-a3-giratina-ex-a2b?game=POCKET&format=standard&set=A3b
Decidueye Tsareena,1,0.01%,1 - 2 - 0,33.33%,/decks/decidueye-a3a-tsareena-a3b?game=POCKET&format=standard&set=A3b
Crabominable ex Primarina ex,1,0.01%,2 - 4 - 0,33.33%,/decks/crabominable-ex-a3-primarina-ex-a3b?game=POCKET&format=standard&set=A3b
Rampardos Slurpuff,1,0.01%,1 - 2 - 0,33.33%,/decks/rampardos-a2-slurpuff-a3b?game=POCKET&format=standard&set=A3b
Incineroar Moltres ex,1,0.01%,1 - 2 - 0,33.33%,/decks/incineroar-a3b-moltres-ex-a1?game=POCKET&format=standard&set=A3b
Articuno ex Greninja,1,0.01%,1 - 2 - 0,33.33%,/decks/articuno-ex-greninja-a1?game=POCKET&format=standard&set=A3b
Garchomp ex Shiinotic,1,0.01%,2 - 4 - 0,33.33%,/decks/garchomp-ex-a2a-shiinotic-a3a?game=POCKET&format=standard&set=A3b
Silvally Nihilego,1,0.01%,1 - 2 - 0,33.33%,/decks/silvally-nihilego-a3a?game=POCKET&format=standard&set=A3b
Magnezone Silvally,1,0.01%,2 - 4 - 0,33.33%,/decks/magnezone-a2-silvally-a3a?game=POCKET&format=standard&set=A3b
Leafeon ex Greninja,1,0.01%,2 - 4 - 0,33.33%,/decks/leafeon-ex-a2a-greninja-a1?game=POCKET&format=standard&set=A3b
Guzzlord ex Dusknoir,1,0.01%,1 - 2 - 0,33.33%,/decks/guzzlord-ex-a3a-dusknoir-a2?game=POCKET&format=standard&set=A3b
Gengar Giratina ex,1,0.01%,2 - 4 - 0,33.33%,/decks/gengar-a1-giratina-ex-a2b?game=POCKET&format=standard&set=A3b
Mew ex Giratina ex,1,0.01%,1 - 2 - 0,33.33%,/decks/mew-ex-a1a-giratina-ex-a2b?game=POCKET&format=standard&set=A3b
Stoutland Aerodactyl ex,1,0.01%,1 - 2 - 0,33.33%,/decks/stoutland-a3a-aerodactyl-ex-a1a?game=POCKET&format=standard&set=A3b
Exeggutor ex Glaceon ex,1,0.01%,1 - 2 - 0,33.33%,/decks/exeggutor-ex-a1-glaceon-ex-a2a?game=POCKET&format=standard&set=A3b
Sylveon ex Lucario,1,0.01%,2 - 4 - 0,33.33%,/decks/sylveon-ex-a3b-lucario-a2?game=POCKET&format=standard&set=A3b
Solgaleo ex Escavalier,1,0.01%,1 - 2 - 0,33.33%,/decks/solgaleo-ex-escavalier-a3?game=POCKET&format=standard&set=A3b
Incineroar ex Heatran,1,0.01%,1 - 2 - 0,33.33%,/decks/incineroar-ex-a3-heatran-a2a?game=POCKET&format=standard&set=A3b
Kommo-o Rampardos,1,0.01%,1 - 2 - 0,33.33%,/decks/kommo-o-a3-rampardos-a2?game=POCKET&format=standard&set=A3b
Solgaleo ex Melmetal,1,0.01%,2 - 4 - 0,33.33%,/decks/solgaleo-ex-a3-melmetal-a1?game=POCKET&format=standard&set=A3b
Sylveon ex Paldean Clodsire ex,1,0.01%,1 - 2 - 0,33.33%,/decks/sylveon-ex-a3b-paldean-clodsire-ex-a2b?game=POCKET&format=standard&set=A3b
Melmetal Bastiodon,1,0.01%,2 - 4 - 0,33.33%,/decks/melmetal-a3b-bastiodon-a2?game=POCKET&format=standard&set=A3b
Alolan Muk ex Hypno,1,0.01%,2 - 4 - 0,33.33%,/decks/alolan-muk-ex-a3-hypno-a1?game=POCKET&format=standard&set=A3b
Ninetales Salazzle,1,0.01%,1 - 2 - 0,33.33%,/decks/ninetales-a1-salazzle-a3?game=POCKET&format=standard&set=A3b
Alolan Muk ex Naganadel,1,0.01%,2 - 5 - 0,28.57%,/decks/alolan-muk-ex-a3-naganadel-a3a?game=POCKET&format=standard&set=A3b
Greninja Palkia ex,1,0.01%,1 - 3 - 0,25.00%,/decks/greninja-a1-palkia-ex-a2?game=POCKET&format=standard&set=A3b
Crabominable ex Wugtrio ex,1,0.01%,1 - 3 - 0,25.00%,/decks/crabominable-ex-a3-wugtrio-ex-a2b?game=POCKET&format=standard&set=A3b
Crobat Arceus ex,1,0.01%,1 - 3 - 0,25.00%,/decks/crobat-arceus-ex-a2a?game=POCKET&format=standard&set=A3b
Wormadam Skarmory,1,0.01%,1 - 3 - 0,25.00%,/decks/wormadam-skarmory-a2?game=POCKET&format=standard&set=A3b
Weavile ex Paldean Clodsire ex,1,0.01%,1 - 3 - 0,25.00%,/decks/weavile-ex-a2-paldean-clodsire-ex-a2b?game=POCKET&format=standard&set=A3b
Wigglytuff ex Origin Forme Palkia,1,0.01%,1 - 3 - 0,25.00%,/decks/wigglytuff-ex-a1-origin-forme-palkia-a2a?game=POCKET&format=standard&set=A3b
Exeggutor ex Tsareena,1,0.01%,1 - 3 - 0,25.00%,/decks/exeggutor-ex-a1-tsareena-a3b?game=POCKET&format=standard&set=A3b
Pikachu ex,1,0.01%,1 - 3 - 0,25.00%,/decks/pikachu-ex-a1?game=POCKET&format=standard&set=A3b
Garchomp Sylveon ex,1,0.01%,1 - 3 - 0,25.00%,/decks/garchomp-a2-sylveon-ex-a3b?game=POCKET&format=standard&set=A3b
Alolan Raichu ex Pikachu ex,1,0.01%,1 - 3 - 0,25.00%,/decks/alolan-raichu-ex-a3-pikachu-ex-a2b?game=POCKET&format=standard&set=A3b
Jolteon Pikachu ex,1,0.01%,1 - 3 - 0,25.00%,/decks/jolteon-a3b-pikachu-ex-a2b?game=POCKET&format=standard&set=A3b
Charizard ex Alcremie,1,0.01%,1 - 3 - 0,25.00%,/decks/charizard-ex-a2b-alcremie-a3b?game=POCKET&format=standard&set=A3b
Articuno ex Palkia ex,1,0.01%,1 - 3 - 0,25.00%,/decks/articuno-ex-a1-palkia-ex-a2?game=POCKET&format=standard&set=A3b
Dragonite ex Silvally,1,0.01%,1 - 3 - 0,25.00%,/decks/dragonite-ex-a3b-silvally-a3a?game=POCKET&format=standard&set=A3b
Exeggutor ex Venusaur ex,1,0.01%,1 - 3 - 0,25.00%,/decks/exeggutor-ex-venusaur-ex-a1?game=POCKET&format=standard&set=A3b
Exeggutor ex Greninja,1,0.01%,1 - 3 - 0,25.00%,/decks/exeggutor-ex-greninja-a1?game=POCKET&format=standard&set=A3b
Vikavolt Electivire,1,0.01%,1 - 3 - 0,25.00%,/decks/vikavolt-a3-electivire-a2?game=POCKET&format=standard&set=A3b
Galvantula Eevee ex,1,0.01%,1 - 3 - 0,25.00%,/decks/galvantula-eevee-ex-a3b?game=POCKET&format=standard&set=A3b
Paldean Clodsire ex Weezing,1,0.01%,1 - 3 - 0,25.00%,/decks/paldean-clodsire-ex-a2b-weezing-a1?game=POCKET&format=standard&set=A3b
Primarina ex Slurpuff,1,0.01%,1 - 3 - 0,25.00%,/decks/primarina-ex-slurpuff-a3b?game=POCKET&format=standard&set=A3b
Empoleon Articuno ex,1,0.01%,1 - 3 - 0,25.00%,/decks/empoleon-a2-articuno-ex-a1?game=POCKET&format=standard&set=A3b
Primarina ex Cramorant,1,0.01%,1 - 3 - 0,25.00%,/decks/primarina-ex-a3b-cramorant-a1a?game=POCKET&format=standard&set=A3b
Alolan Raichu ex Banette,1,0.01%,1 - 3 - 0,25.00%,/decks/alolan-raichu-ex-banette-a3?game=POCKET&format=standard&set=A3b
Gengar Giratina ex,1,0.01%,1 - 4 - 0,20.00%,/decks/gengar-a2a-giratina-ex-a2b?game=POCKET&format=standard&set=A3b
Decidueye ex,1,0.01%,1 - 4 - 0,20.00%,/decks/decidueye-ex-a3?game=POCKET&format=standard&set=A3b
Luxray Oricorio,1,0.01%,1 - 4 - 0,20.00%,/decks/luxray-a3a-oricorio-a3?game=POCKET&format=standard&set=A3b
Snorlax ex Umbreon,1,0.01%,1 - 4 - 0,20.00%,/decks/snorlax-ex-umbreon-a3b?game=POCKET&format=standard&set=A3b
Probopass ex Sylveon ex,1,0.01%,1 - 4 - 0,20.00%,/decks/probopass-ex-a2a-sylveon-ex-a3b?game=POCKET&format=standard&set=A3b
Decidueye ex Tsareena,1,0.01%,1 - 4 - 0,20.00%,/decks/decidueye-ex-a3-tsareena-a3b?game=POCKET&format=standard&set=A3b
Toucannon Rampardos,1,0.01%,1 - 4 - 0,20.00%,/decks/toucannon-a3-rampardos-a2?game=POCKET&format=standard&set=A3b
Venusaur ex Exeggutor ex,1,0.01%,1 - 3 - 1,20.00%,/decks/venusaur-ex-exeggutor-ex-a1?game=POCKET&format=standard&set=A3b
Tinkaton ex,1,0.01%,1 - 4 - 0,20.00%,/decks/tinkaton-ex-a2b?game=POCKET&format=standard&set=A3b
Decidueye ex Greninja,1,0.01%,1 - 4 - 0,20.00%,/decks/decidueye-ex-a3-greninja-a1?game=POCKET&format=standard&set=A3b
Solgaleo ex Silvally,1,0.01%,1 - 4 - 0,20.00%,/decks/solgaleo-ex-a3-silvally-a3a?game=POCKET&format=standard&set=A3b
Snorlax ex Oricorio,1,0.01%,1 - 3 - 1,20.00%,/decks/snorlax-ex-a3b-oricorio-a3?game=POCKET&format=standard&set=A3b
Giratina ex Rampardos,1,0.01%,1 - 4 - 0,20.00%,/decks/giratina-ex-a2b-rampardos-a2?game=POCKET&format=standard&set=A3b
Decidueye ex Leafeon ex,1,0.01%,1 - 4 - 0,20.00%,/decks/decidueye-ex-a3-leafeon-ex-a2a?game=POCKET&format=standard&set=A3b
Pikachu ex Pachirisu ex,1,0.01%,1 - 5 - 0,16.67%,/decks/pikachu-ex-a1-pachirisu-ex-a2?game=POCKET&format=standard&set=A3b
Solgaleo ex Druddigon,1,0.01%,1 - 5 - 0,16.67%,/decks/solgaleo-ex-a3-druddigon-a1a?game=POCKET&format=standard&set=A3b
Flareon ex Ninetales,1,0.01%,0 - 2 - 0,0.00%,/decks/flareon-ex-a3b-ninetales-a1?game=POCKET&format=standard&set=A3b
Empoleon Palkia ex,1,0.01%,0 - 1 - 0,0.00%,/decks/empoleon-palkia-ex-a2?game=POCKET&format=standard&set=A3b
Gyarados ex Leafeon ex,1,0.01%,0 - 2 - 0,0.00%,/decks/gyarados-ex-a1a-leafeon-ex-a2a?game=POCKET&format=standard&set=A3b
Darkrai ex Muk,1,0.01%,0 - 3 - 0,0.00%,/decks/darkrai-ex-a2-muk-a1?game=POCKET&format=standard&set=A3b
Incineroar ex Charizard ex,1,0.01%,0 - 1 - 0,0.00%,/decks/incineroar-ex-a3-charizard-ex-a1?game=POCKET&format=standard&set=A3b
Sylveon Shiinotic,1,0.01%,0 - 3 - 0,0.00%,/decks/sylveon-a3b-shiinotic-a3a?game=POCKET&format=standard&set=A3b
Lycanroc Silvally,1,0.01%,0 - 2 - 0,0.00%,/decks/lycanroc-a3-silvally-a3a?game=POCKET&format=standard&set=A3b
Flareon ex Snorlax,1,0.01%,0 - 1 - 0,0.00%,/decks/flareon-ex-a3b-snorlax-a2a?game=POCKET&format=standard&set=A3b
Incineroar ex Alcremie,1,0.01%,0 - 1 - 0,0.00%,/decks/incineroar-ex-a3-alcremie-a3b?game=POCKET&format=standard&set=A3b
Alolan Dugtrio ex Skarmory,1,0.01%,0 - 2 - 0,0.00%,/decks/alolan-dugtrio-ex-a3a-skarmory-a2?game=POCKET&format=standard&set=A3b
Sylveon ex Garchomp,1,0.01%,0 - 3 - 0,0.00%,/decks/sylveon-ex-a3b-garchomp-a2?game=POCKET&format=standard&set=A3b
Wigglytuff ex Tapu Koko ex,1,0.01%,0 - 2 - 0,0.00%,/decks/wigglytuff-ex-a1-tapu-koko-ex-a3a?game=POCKET&format=standard&set=A3b
Dragonite ex Druddigon,1,0.01%,0 - 2 - 0,0.00%,/decks/dragonite-ex-a3b-druddigon-a1a?game=POCKET&format=standard&set=A3b
Tsareena Purugly,1,0.01%,0 - 2 - 0,0.00%,/decks/tsareena-a3b-purugly-a2?game=POCKET&format=standard&set=A3b
Kabutops Lucario,1,0.01%,0 - 3 - 0,0.00%,/decks/kabutops-a1-lucario-a2?game=POCKET&format=standard&set=A3b
Kabutops Rampardos,1,0.01%,0 - 1 - 0,0.00%,/decks/kabutops-a1-rampardos-a2?game=POCKET&format=standard&set=A3b
Magnezone Skarmory,1,0.01%,0 - 2 - 0,0.00%,/decks/magnezone-skarmory-a2?game=POCKET&format=standard&set=A3b
Primarina ex Snorlax,1,0.01%,0 - 1 - 0,0.00%,/decks/primarina-ex-a3b-snorlax-a2a?game=POCKET&format=standard&set=A3b
Crabominable ex Araquanid,1,0.01%,0 - 6 - 0,0.00%,/decks/crabominable-ex-araquanid-a3?game=POCKET&format=standard&set=A3b
Pachirisu ex Pikachu ex,1,0.01%,0 - 2 - 0,0.00%,/decks/pachirisu-ex-a2-pikachu-ex-a2b?game=POCKET&format=standard&set=A3b
Primarina ex Articuno ex,1,0.01%,0 - 2 - 0,0.00%,/decks/primarina-ex-a3b-articuno-ex-a1?game=POCKET&format=standard&set=A3b
Bisharp Melmetal,1,0.01%,0 - 2 - 0,0.00%,/decks/bisharp-melmetal-a1?game=POCKET&format=standard&set=A3b
Dugtrio Primeape,1,0.01%,0 - 2 - 0,0.00%,/decks/dugtrio-a1-primeape-a1a?game=POCKET&format=standard&set=A3b
Mew ex Sylveon ex,1,0.01%,0 - 3 - 0,0.00%,/decks/mew-ex-a1a-sylveon-ex-a3b?game=POCKET&format=standard&set=A3b
Darkrai ex Alolan Muk ex,1,0.01%,0 - 1 - 0,0.00%,/decks/darkrai-ex-a2-alolan-muk-ex-a3?game=POCKET&format=standard&set=A3b
Pikachu ex Raichu,1,0.01%,0 - 2 - 0,0.00%,/decks/pikachu-ex-raichu-a1?game=POCKET&format=standard&set=A3b
Sylveon Silvally,1,0.01%,0 - 2 - 0,0.00%,/decks/sylveon-a3b-silvally-a3a?game=POCKET&format=standard&set=A3b
Tsareena Buzzwole ex,1,0.01%,0 - 3 - 0,0.00%,/decks/tsareena-a3-buzzwole-ex-a3a?game=POCKET&format=standard&set=A3b
Solgaleo ex Alolan Raichu ex,1,0.01%,0 - 2 - 0,0.00%,/decks/solgaleo-ex-alolan-raichu-ex-a3?game=POCKET&format=standard&set=A3b
Glaceon ex Araquanid,1,0.01%,0 - 1 - 0,0.00%,/decks/glaceon-ex-a2a-araquanid-a3?game=POCKET&format=standard&set=A3b
Dragonite ex Mew ex,1,0.01%,0 - 2 - 0,0.00%,/decks/dragonite-ex-a3b-mew-ex-a1a?game=POCKET&format=standard&set=A3b
Dragonite ex Greninja,1,0.01%,0 - 1 - 0,0.00%,/decks/dragonite-ex-a3b-greninja-a1?game=POCKET&format=standard&set=A3b
Espeon Stoutland,1,0.01%,0 - 2 - 0,0.00%,/decks/espeon-a3b-stoutland-a3a?game=POCKET&format=standard&set=A3b
Stoutland Kirlia,1,0.01%,0 - 2 - 0,0.00%,/decks/stoutland-a3a-kirlia-a2?game=POCKET&format=standard&set=A3b
Alcremie Rampardos,1,0.01%,0 - 2 - 0,0.00%,/decks/alcremie-a3b-rampardos-a2?game=POCKET&format=standard&set=A3b
Marowak ex Garchomp ex,1,0.01%,0 - 3 - 0,0.00%,/decks/marowak-ex-a1-garchomp-ex-a2a?game=POCKET&format=standard&set=A3b
Dragonite ex Snorlax,1,0.01%,0 - 2 - 0,0.00%,/decks/dragonite-ex-a3b-snorlax-a2a?game=POCKET&format=standard&set=A3b
Alolan Raichu ex Galvantula,1,0.01%,0 - 2 - 0,0.00%,/decks/alolan-raichu-ex-a3-galvantula-a3b?game=POCKET&format=standard&set=A3b
Tinkaton ex Probopass ex,1,0.01%,0 - 4 - 0,0.00%,/decks/tinkaton-ex-a2b-probopass-ex-a2a?game=POCKET&format=standard&set=A3b
Vaporeon Eevee ex,1,0.01%,0 - 2 - 0,0.00%,/decks/vaporeon-eevee-ex-a3b?game=POCKET&format=standard&set=A3b
Palkia ex Primarina ex,1,0.01%,0 - 1 - 0,0.00%,/decks/palkia-ex-a2-primarina-ex-a3b?game=POCKET&format=standard&set=A3b
Solgaleo ex Rayquaza ex,1,0.01%,0 - 3 - 0,0.00%,/decks/solgaleo-ex-a3-rayquaza-ex-p-a?game=POCKET&format=standard&set=A3b
Giratina ex Gengar,1,0.01%,0 - 4 - 0,0.00%,/decks/giratina-ex-a2b-gengar-a1?game=POCKET&format=standard&set=A3b
Oricorio Tapu Koko,1,0.01%,0 - 2 - 0,0.00%,/decks/oricorio-tapu-koko-a3?game=POCKET&format=standard&set=A3b
Lunala ex Mewtwo ex,1,0.01%,0 - 1 - 0,0.00%,/decks/lunala-ex-a3-mewtwo-ex-a1?game=POCKET&format=standard&set=A3b
Magnezone Jolteon,1,0.01%,0 - 1 - 0,0.00%,/decks/magnezone-a2-jolteon-a3b?game=POCKET&format=standard&set=A3b
Luxray Pikachu ex,1,0.01%,0 - 1 - 0,0.00%,/decks/luxray-a2-pikachu-ex-a2b?game=POCKET&format=standard&set=A3b
Slurpuff Vanillish,1,0.01%,0 - 2 - 0,0.00%,/decks/slurpuff-vanillish-a3b?game=POCKET&format=standard&set=A3b
Lunala ex Shiinotic,1,0.01%,0 - 4 - 0,0.00%,/decks/lunala-ex-a3-shiinotic-a3a?game=POCKET&format=standard&set=A3b
Sylveon ex Tsareena,1,0.01%,0 - 1 - 0,0.00%,/decks/sylveon-ex-tsareena-a3b?game=POCKET&format=standard&set=A3b
Leafeon ex Glaceon ex,1,0.01%,0 - 1 - 0,0.00%,/decks/leafeon-ex-glaceon-ex-a2a?game=POCKET&format=standard&set=A3b
Espeon Silvally,1,0.01%,0 - 2 - 0,0.00%,/decks/espeon-a3b-silvally-a3a?game=POCKET&format=standard&set=A3b
Incineroar Eevee ex,1,0.01%,0 - 2 - 0,0.00%,/decks/incineroar-eevee-ex-a3b?game=POCKET&format=standard&set=A3b
Espeon Togekiss,1,0.01%,0 - 2 - 0,0.00%,/decks/espeon-a3b-togekiss-a2?game=POCKET&format=standard&set=A3b
Exeggutor ex Leafeon ex,1,0.01%,0 - 2 - 0,0.00%,/decks/exeggutor-ex-a1-leafeon-ex-a2a?game=POCKET&format=standard&set=A3b
Gallade ex Drampa,1,0.01%,0 - 3 - 0,0.00%,/decks/gallade-ex-a2-drampa-a3b?game=POCKET&format=standard&set=A3b
Blastoise ex Greninja,1,0.01%,0 - 3 - 0,0.00%,/decks/blastoise-ex-greninja-a1?game=POCKET&format=standard&set=A3b
Primarina ex Glaceon,1,0.01%,0 - 2 - 0,0.00%,/decks/primarina-ex-glaceon-a3b?game=POCKET&format=standard&set=A3b
Venusaur ex Venusaur,1,0.01%,0 - 1 - 0,0.00%,/decks/venusaur-ex-venusaur-a1?game=POCKET&format=standard&set=A3b
Tsareena Snorlax ex,1,0.01%,0 - 1 - 0,0.00%,/decks/tsareena-snorlax-ex-a3b?game=POCKET&format=standard&set=A3b
Mewtwo ex Slowbro,1,0.01%,0 - 3 - 0,0.00%,/decks/mewtwo-ex-slowbro-a1?game=POCKET&format=standard&set=A3b
Sylveon ex Beedrill ex,1,0.01%,0 - 3 - 0,0.00%,/decks/sylveon-ex-a3b-beedrill-ex-a2b?game=POCKET&format=standard&set=A3b
Solgaleo ex Melmetal,1,0.01%,0 - 1 - 0,0.00%,/decks/solgaleo-ex-a3-melmetal-a3b?game=POCKET&format=standard&set=A3b
Infernape ex Stoutland,1,0.01%,0 - 3 - 0,0.00%,/decks/infernape-ex-a2-stoutland-a3a?game=POCKET&format=standard&set=A3b
Solgaleo ex Slurpuff,1,0.01%,0 - 2 - 0,0.00%,/decks/solgaleo-ex-a3-slurpuff-a3b?game=POCKET&format=standard&set=A3b
Snorlax ex Wigglytuff,1,0.01%,0 - 2 - 0,0.00%,/decks/snorlax-ex-a3b-wigglytuff-a2b?game=POCKET&format=standard&set=A3b
Zapdos ex Zeraora,1,0.01%,0 - 1 - 0,0.00%,/decks/zapdos-ex-a1-zeraora-a3a?game=POCKET&format=standard&set=A3b
Mewtwo ex Sylveon ex,1,0.01%,0 - 1 - 0,0.00%,/decks/mewtwo-ex-a1-sylveon-ex-a3b?game=POCKET&format=standard&set=A3b
Flareon ex Magmortar,1,0.01%,0 - 3 - 0,0.00%,/decks/flareon-ex-a3b-magmortar-a2b?game=POCKET&format=standard&set=A3b
Yanmega ex Leafeon ex,1,0.01%,0 - 4 - 0,0.00%,/decks/yanmega-ex-a2-leafeon-ex-a2a?game=POCKET&format=standard&set=A3b
Solgaleo ex Wigglytuff,1,0.01%,0 - 1 - 0,0.00%,/decks/solgaleo-ex-a3-wigglytuff-a2b?game=POCKET&format=standard&set=A3b
Giratina ex Drapion,1,0.01%,0 - 3 - 0,0.00%,/decks/giratina-ex-a2b-drapion-a2?game=POCKET&format=standard&set=A3b
Wugtrio ex Mew ex,1,0.01%,0 - 3 - 0,0.00%,/decks/wugtrio-ex-a2b-mew-ex-a1a?game=POCKET&format=standard&set=A3b
Sylveon ex Alakazam,1,0.01%,0 - 3 - 0,0.00%,/decks/sylveon-ex-a3b-alakazam-a1?game=POCKET&format=standard&set=A3b
Gengar ex Giratina ex,1,0.01%,0 - 4 - 0,0.00%,/decks/gengar-ex-a1-giratina-ex-a2b?game=POCKET&format=standard&set=A3b
Flareon ex Salazzle,1,0.01%,0 - 2 - 0,0.00%,/decks/flareon-ex-a3b-salazzle-a3?game=POCKET&format=standard&set=A3b
Rapidash Magmortar,1,0.01%,0 - 2 - 0,0.00%,/decks/rapidash-a1-magmortar-a2b?game=POCKET&format=standard&set=A3b
Guzzlord ex Umbreon,1,0.01%,0 - 3 - 0,0.00%,/decks/guzzlord-ex-a3a-umbreon-a3b?game=POCKET&format=standard&set=A3b
Primeape Marowak,1,0.01%,0 - 3 - 0,0.00%,/decks/primeape-a1a-marowak-a1?game=POCKET&format=standard&set=A3b
Lucario ex Golem,1,0.01%,0 - 2 - 0,0.00%,/decks/lucario-ex-a2b-golem-a1?game=POCKET&format=standard&set=A3b
Delcatty Staraptor,1,0.01%,0 - 1 - 0,0.00%,/decks/delcatty-a3-staraptor-a2a?game=POCKET&format=standard&set=A3b
Decidueye ex Celebi ex,1,0.01%,0 - 2 - 0,0.00%,/decks/decidueye-ex-a3-celebi-ex-a1a?game=POCKET&format=standard&set=A3b
Decidueye ex Meowscarada,1,0.01%,0 - 2 - 0,0.00%,/decks/decidueye-ex-a3-meowscarada-a2b?game=POCKET&format=standard&set=A3b
Machamp ex Garchomp ex,1,0.01%,0 - 1 - 0,0.00%,/decks/machamp-ex-a1-garchomp-ex-a2a?game=POCKET&format=standard&set=A3b
Alolan Dugtrio ex Aerodactyl,1,0.01%,0 - 2 - 0,0.00%,/decks/alolan-dugtrio-ex-a3a-aerodactyl-a1?game=POCKET&format=standard&set=A3b
Skarmory Dusk Mane Necrozma,1,0.01%,0 - 1 - 0,0.00%,/decks/skarmory-a2-dusk-mane-necrozma-p-a?game=POCKET&format=standard&set=A3b
Toucannon Pyukumuku,1,0.01%,0 - 1 - 0,0.00%,/decks/toucannon-pyukumuku-a3?game=POCKET&format=standard&set=A3b
Alcremie Vanillish,1,0.01%,0 - 1 - 0,0.00%,/decks/alcremie-vanillish-a3b?game=POCKET&format=standard&set=A3b
Pidgeot ex Tapu Koko ex,1,0.01%,0 - 4 - 1,0.00%,/decks/pidgeot-ex-a1a-tapu-koko-ex-a3a?game=POCKET&format=standard&set=A3b
Sylveon ex Charizard ex,1,0.01%,0 - 1 - 0,0.00%,/decks/sylveon-ex-a3b-charizard-ex-a2b?game=POCKET&format=standard&set=A3b
Tapu Koko ex Toucannon,1,0.01%,0 - 1 - 0,0.00%,/decks/tapu-koko-ex-a3a-toucannon-a3?game=POCKET&format=standard&set=A3b
Stoutland Silvally,1,0.01%,0 - 1 - 0,0.00%,/decks/stoutland-silvally-a3a?game=POCKET&format=standard&set=A3b
Meowscarada Beedrill ex,1,0.01%,0 - 3 - 0,0.00%,/decks/meowscarada-beedrill-ex-a2b?game=POCKET&format=standard&set=A3b
Kangaskhan Vanilluxe,1,0.01%,0 - 1 - 0,0.00%,/decks/kangaskhan-a1-vanilluxe-a3b?game=POCKET&format=standard&set=A3b
Meowscarada Decidueye,1,0.01%,0 - 2 - 0,0.00%,/decks/meowscarada-a2b-decidueye-a3a?game=POCKET&format=standard&set=A3b
Luxray Jolteon,1,0.01%,0 - 1 - 0,0.00%,/decks/luxray-a2-jolteon-a3b?game=POCKET&format=standard&set=A3b
Zapdos ex Electrode,1,0.01%,0 - 1 - 0,0.00%,/decks/zapdos-ex-electrode-a1?game=POCKET&format=standard&set=A3b
Mamoswine Manaphy,1,0.01%,0 - 2 - 0,0.00%,/decks/mamoswine-manaphy-a2?game=POCKET&format=standard&set=A3b
Sylveon ex Lunala ex,1,0.01%,0 - 2 - 0,0.00%,/decks/sylveon-ex-a3b-lunala-ex-a3?game=POCKET&format=standard&set=A3b
Dragonite ex Eevee ex,1,0.01%,0 - 1 - 0,0.00%,/decks/dragonite-ex-eevee-ex-a3b?game=POCKET&format=standard&set=A3b
Sylveon ex Gardevoir,1,0.01%,0 - 3 - 0,0.00%,/decks/sylveon-ex-gardevoir-a3b?game=POCKET&format=standard&set=A3b
Tsareena Meowscarada,1,0.01%,0 - 3 - 0,0.00%,/decks/tsareena-a3-meowscarada-a2b?game=POCKET&format=standard&set=A3b
Infernape ex Snorlax ex,1,0.01%,0 - 2 - 0,0.00%,/decks/infernape-ex-a2-snorlax-ex-a3b?game=POCKET&format=standard&set=A3b
Passimian ex Sylveon ex,1,0.01%,0 - 2 - 0,0.00%,/decks/passimian-ex-a3-sylveon-ex-a3b?game=POCKET&format=standard&set=A3b
Dragonite ex Tapu Koko ex,1,0.01%,0 - 3 - 0,0.00%,/decks/dragonite-ex-a3b-tapu-koko-ex-a3a?game=POCKET&format=standard&set=A3b
Salazzle,1,0.01%,0 - 3 - 0,0.00%,/decks/salazzle-a3?game=POCKET&format=standard&set=A3b
Galvantula Tapu Koko ex,1,0.01%,0 - 1 - 0,0.00%,/decks/galvantula-a3b-tapu-koko-ex-a3a?game=POCKET&format=standard&set=A3b
Silvally Magnezone,1,0.01%,0 - 2 - 0,0.00%,/decks/silvally-a3a-magnezone-a2?game=POCKET&format=standard&set=A3b
Medicham Lucario,1,0.01%,0 - 2 - 0,0.00%,/decks/medicham-a3a-lucario-a2?game=POCKET&format=standard&set=A3b
Moltres ex Charizard ex,1,0.01%,0 - 2 - 0,0.00%,/decks/moltres-ex-charizard-ex-a1?game=POCKET&format=standard&set=A3b
Alolan Golem Oricorio,1,0.01%,0 - 2 - 0,0.00%,/decks/alolan-golem-oricorio-a3?game=POCKET&format=standard&set=A3b
Slurpuff Oricorio,1,0.01%,0 - 1 - 0,0.00%,/decks/slurpuff-a3b-oricorio-a3?game=POCKET&format=standard&set=A3b
Gengar,1,0.01%,0 - 2 - 0,0.00%,/decks/gengar-a2a?game=POCKET&format=standard&set=A3b
Silvally Eevee ex,1,0.01%,0 - 2 - 0,0.00%,/decks/silvally-a3a-eevee-ex-a3b?game=POCKET&format=standard&set=A3b
Magnezone Alolan Raichu ex,1,0.01%,0 - 2 - 0,0.00%,/decks/magnezone-a2-alolan-raichu-ex-a3?game=POCKET&format=standard&set=A3b
Primarina ex Vaporeon,1,0.01%,0 - 2 - 0,0.00%,/decks/primarina-ex-a3b-vaporeon-a1a?game=POCKET&format=standard&set=A3b
Golem,1,0.01%,0 - 2 - 0,0.00%,/decks/golem-a1a?game=POCKET&format=standard&set=A3b
Eevee ex Alolan Raichu ex,1,0.01%,0 - 2 - 0,0.00%,/decks/eevee-ex-a3b-alolan-raichu-ex-a3?game=POCKET&format=standard&set=A3b
Garchomp ex Gallade ex,1,0.01%,0 - 4 - 0,0.00%,/decks/garchomp-ex-a2a-gallade-ex-a2?game=POCKET&format=standard&set=A3b
Dragonite Articuno,1,0.01%,0 - 2 - 0,0.00%,/decks/dragonite-articuno-a1?game=POCKET&format=standard&set=A3b
Rampardos Snorlax,1,0.01%,0 - 2 - 0,0.00%,/decks/rampardos-a2-snorlax-a2a?game=POCKET&format=standard&set=A3b
Dialga ex Gholdengo,1,0.01%,0 - 2 - 0,0.00%,/decks/dialga-ex-a2-gholdengo-a2b?game=POCKET&format=standard&set=A3b
Giratina ex Guzzlord ex,1,0.01%,0 - 3 - 0,0.00%,/decks/giratina-ex-a2b-guzzlord-ex-a3a?game=POCKET&format=standard&set=A3b
Incineroar ex Toucannon,1,0.01%,0 - 2 - 0,0.00%,/decks/incineroar-ex-toucannon-a3?game=POCKET&format=standard&set=A3b
Palkia ex Manaphy,1,0.01%,0 - 2 - 0,0.00%,/decks/palkia-ex-manaphy-a2?game=POCKET&format=standard&set=A3b
Krookodile Umbreon,1,0.01%,0 - 2 - 0,0.00%,/decks/krookodile-a3a-umbreon-a3b?game=POCKET&format=standard&set=A3b
Serperior Leafeon,1,0.01%,0 - 4 - 0,0.00%,/decks/serperior-a1a-leafeon-a3b?game=POCKET&format=standard&set=A3b
Eevee ex Greninja,1,0.01%,0 - 1 - 0,0.00%,/decks/eevee-ex-a3b-greninja-a1?game=POCKET&format=standard&set=A3b
Sylveon ex Dragonite,1,0.01%,0 - 1 - 0,0.00%,/decks/sylveon-ex-a3b-dragonite-a1?game=POCKET&format=standard&set=A3b
Buzzwole ex Leafeon ex,1,0.01%,0 - 3 - 0,0.00%,/decks/buzzwole-ex-a3a-leafeon-ex-a2a?game=POCKET&format=standard&set=A3b
Yanmega ex Araquanid,1,0.01%,0 - 4 - 0,0.00%,/decks/yanmega-ex-a2-araquanid-a3?game=POCKET&format=standard&set=A3b
Nidoqueen Nidoking,1,0.01%,0 - 0 - 0,NaN%,/decks/nidoqueen-nidoking-a1?game=POCKET&format=standard&set=A3b
Darkrai ex Magnezone,1,0.01%,0 - 0 - 0,NaN%,/decks/darkrai-ex-magnezone-a2?game=POCKET&format=standard&set=A3b
Giratina ex Araquanid,1,0.01%,0 - 0 - 0,NaN%,/decks/giratina-ex-a2b-araquanid-a3?game=POCKET&format=standard&set=A3b
Garchomp ex Claydol,1,0.01%,0 - 0 - 0,NaN%,/decks/garchomp-ex-a2a-claydol-a3a?game=POCKET&format=standard&set=A3b
Ninetales Rapidash,1,0.01%,0 - 0 - 0,NaN%,/decks/ninetales-rapidash-a1?game=POCKET&format=standard&set=A3b
Alolan Raichu ex Exeggutor ex,1,0.01%,0 - 0 - 0,NaN%,/decks/alolan-raichu-ex-a3-exeggutor-ex-a1?game=POCKET&format=standard&set=A3b
Lycanroc ex Lycanroc,1,0.01%,0 - 0 - 0,NaN%,/decks/lycanroc-ex-a3a-lycanroc-a3?game=POCKET&format=standard&set=A3b
